BEGIN TRANSACTION;
CREATE TABLE "domainmanager_vampire" ("id" integer NOT NULL PRIMARY KEY AUTOINCREMENT, "name" varchar(100) NOT NULL, "generation" integer NOT NULL, "columnEnd" integer NOT NULL, "columnStart" integer NOT NULL, "sire_id" integer NULL REFERENCES "domainmanager_vampire" ("id"));
INSERT INTO `domainmanager_vampire` (id,name,generation,columnEnd,columnStart,sire_id) VALUES (1744,'Káin',1,0,1,NULL),
 (1745,'Enoch, a Bölcs',2,461,1,NULL),
 (1746,'Irad, az Er?s',2,710,462,NULL),
 (1747,'Zillah, a Gyönyör?',2,0,711,1744),
 (1748,'Veddhartha',3,157,1,1745),
 (1749,'Saulot / Zao-lat',3,193,158,1745),
 (1750,'Ashur, a Kappadókiai',3,241,194,1745),
 (1751,'Malkav',3,342,242,1745),
 (1752,'Trójai Ilyah',3,461,343,1745),
 (1753,'Haquim',3,494,462,1746),
 (1754,'Lucian / Typhon / Lambech',3,581,495,1746),
 (1755,'Ennoia / Daenna',3,708,582,1746),
 (1756,'Zapathasura / Dracian',3,709,709,1746),
 (1757,'Mekhet',3,710,710,1746),
 (1758,'Absimilard',3,827,711,NULL),
 (1759,'Arikel / Isthar / Astarte / Inanna',3,975,828,NULL),
 (1760,'Sutekh / Set',3,0,976,1747),
 (1761,'Ur-i Arakur',4,9,1,1748),
 (1762,'Medon',4,14,10,1748),
 (1763,'Nefer-meri-Isis',4,21,15,1748),
 (1764,'Spártai Artemisz',4,28,22,1748),
 (1765,'Tinia',4,34,29,1748),
 (1766,'Aken Hoten',4,43,35,1748),
 (1767,'Marcus Antonius',4,69,44,1748),
 (1768,'Alexander',4,85,70,1748),
 (1769,'Mithras',4,114,86,1748),
 (1770,'Gomerland',4,135,115,1748),
 (1771,'Erik Eigermann',4,146,136,1748),
 (1772,'Maltheas',4,157,147,1748),
 (1773,'Rayzeel',4,159,158,1749),
 (1774,'Samiel',4,169,160,1749),
 (1775,'Yakov',4,172,170,1749),
 (1776,'Hrorsh',4,175,173,1749),
 (1777,'Nergal / Shaitan / Adriel / Huitzilopochtli',4,180,176,1749),
 (1778,'Moloch',4,184,181,1749),
 (1779,'Seker, a Vörös Halál',4,187,185,1749),
 (1780,'Zao-zei',4,188,188,1749),
 (1781,'Zao-xue',4,189,189,1749),
 (1782,'Akhraziel',4,192,190,1749),
 (1783,'Nahum ben Enosh',4,193,193,1749),
 (1784,'Caias',4,194,194,1750),
 (1785,'Japeth / A Kapucínus',4,206,195,1750),
 (1786,'Lazarus',4,213,207,1750),
 (1787,'Lameth, a Sötét Megváltó',4,214,214,1750),
 (1788,'Byzar / Mahatma',4,221,215,1750),
 (1789,'Augusto Giovanni',4,241,222,1750),
 (1790,'Lamdiel',4,267,242,1751),
 (1791,'A Fert?-Ara',4,279,268,1751),
 (1792,'Nissiku, a Ravasz Herceg',4,292,280,1751),
 (1793,'A Faló',4,306,293,1751),
 (1794,'Elimenech, a Kétszer Átkozott',4,325,307,1751),
 (1795,'Lerterimas',4,339,326,1751),
 (1796,'Brahina',4,342,340,1751),
 (1797,'Anis, az Éjszaka Királyn?je',4,343,343,1752),
 (1798,'Troile',4,459,344,1752),
 (1799,'Belit-Sheri',4,461,460,1752),
 (1800,'An-Enlilda',4,471,462,1753),
 (1801,'ur-Shulgi',4,479,472,1753),
 (1802,'Mancheaka',4,480,480,1753),
 (1803,'Sha''hiri',4,491,481,1753),
 (1804,'Jamal',4,494,492,1753),
 (1805,'Osiris',4,495,495,1754),
 (1806,'Ontai /Montano',4,524,496,1754),
 (1807,'Boukephos / Francisco Diego del Belmonte',4,556,525,1754),
 (1808,'Xarca',4,580,557,1754),
 (1809,'Gratiano',4,581,581,1754),
 (1810,'Uruk-i Urlon',4,603,582,1755),
 (1811,'Matashuntha, a Tigris',4,623,604,1755),
 (1812,'Odin, a Mindenható',4,662,624,1755),
 (1813,'Enkidu',4,675,663,1755),
 (1814,'Mielikki',4,676,676,1755),
 (1815,'Kurunta, a Vad',4,684,677,1755),
 (1816,'Warihu, a Hold',4,694,685,1755),
 (1817,'Hukros',4,706,695,1755),
 (1818,'Dobrul, a Bátor',4,710,707,NULL),
 (1819,'Yima',4,711,711,1758),
 (1820,'Vasilisa',4,712,712,1758),
 (1821,'Abraxes',4,713,713,1758),
 (1822,'Nuckalavee',4,714,714,1758),
 (1823,'Gorgo',4,715,715,1758),
 (1824,'Echidna',4,716,716,1758),
 (1825,'Azazel',4,717,717,1758),
 (1826,'Melachoate',4,768,718,1758),
 (1827,'A Matriarcha',4,806,769,1758),
 (1828,'Kli Kodesh',4,823,807,1758),
 (1829,'Baba Yaga',4,827,824,1758),
 (1830,'Amarantha',4,828,828,1759),
 (1831,'Mi-Ka-Il / Besther / Michael',4,864,829,1759),
 (1832,'Minos',4,903,865,1759),
 (1833,'Iontius / Derrick Zeel',4,920,904,1759),
 (1834,'Babiloni Theresa',4,926,921,1759),
 (1835,'Marikasha',4,946,927,1759),
 (1836,'Alexandria / Vörös Ludwig',4,973,947,1759),
 (1837,'Sir Matthew Lubbock',4,975,974,1759),
 (1838,'Nakhthorheb ',4,977,976,NULL),
 (1839,'Seterpenre ',4,978,978,NULL),
 (1840,'Maatkare ',4,979,979,NULL),
 (1841,'Ta-urt',4,981,980,NULL),
 (1842,'Kemintiri ',4,982,982,NULL),
 (1843,'Nefertiti ',4,983,983,NULL),
 (1844,'Nephthys ',4,984,984,NULL),
 (1845,'Qufur Am-Heru',4,0,985,1760),
 (1846,'Nefertum',6,1,1,NULL),
 (1847,'Ur-i Tiamat',6,9,2,NULL),
 (1848,'Görög Ventruek',6,10,10,NULL),
 (1849,'Gaius Fabricius',6,14,11,NULL),
 (1850,'Egyiptomi Ventruek',6,15,15,NULL),
 (1851,'Elihu',6,19,16,NULL),
 (1852,'Alexander Vargos',6,21,20,NULL),
 (1853,'Lysander',6,27,22,NULL),
 (1854,'Michaellis',6,28,28,NULL),
 (1855,'Collat',6,31,29,NULL),
 (1856,'Julia Antasia',6,33,32,NULL),
 (1857,'Etrusz Ventruek',6,34,34,NULL),
 (1858,'Athéni Helena',6,43,35,NULL),
 (1859,'Caius',6,48,44,NULL),
 (1860,'Belisarius',6,59,49,NULL),
 (1861,'Septima Dominica',6,64,60,NULL),
 (1862,'Hardestadt az Öreg',6,69,65,NULL),
 (1863,'Demetrius',6,78,70,NULL),
 (1864,'Gaius Marcellus',6,81,79,NULL),
 (1865,'Tiberius',6,83,82,NULL),
 (1866,'Geoffri du Temple',6,85,84,NULL),
 (1867,'Indiai Ventruek',6,86,86,NULL),
 (1868,'Perzsa Ventruek',6,87,87,NULL),
 (1869,'Del''Roh',6,104,88,NULL),
 (1870,'Sennicherib',6,108,105,NULL),
 (1871,'Celdric',6,113,109,NULL),
 (1872,'Hosszúfogú Sven',6,114,114,NULL),
 (1873,'Volstag-i Heinrich',6,134,115,NULL),
 (1874,'Spanyol és Latin-Amerika-i Ventruek',6,135,135,NULL),
 (1875,'Fabrizio Ulfia',6,139,136,NULL),
 (1876,'Ilse Reinegger',6,146,140,NULL),
 (1877,'Balthazar',6,149,147,NULL),
 (1878,'Rashur',6,157,150,NULL),
 (1879,'Myrael',6,159,158,NULL),
 (1880,'Ithuriel',6,160,160,NULL),
 (1881,'Gabriel',6,161,161,NULL),
 (1882,'Aariel',6,162,162,NULL),
 (1883,'Uriel',6,165,163,NULL),
 (1884,'Ezrael',6,166,166,NULL),
 (1885,'Za''aphiel',6,169,167,NULL),
 (1886,'Karesh',6,170,170,NULL),
 (1887,'Javaniel',6,172,171,NULL),
 (1888,'Vekis',6,173,173,NULL),
 (1889,'Simeon',6,175,174,NULL),
 (1890,'Cybele',6,176,176,NULL),
 (1891,'Yeremiah',6,177,177,NULL),
 (1892,'Camazotz / Nezahualcoyotl',6,180,178,NULL),
 (1893,'Annazir',6,184,181,NULL),
 (1894,'A Rettent? Éj Els? Gyermeke',6,185,185,NULL),
 (1895,'A Rettent? Éj Második Gyermeke',6,186,186,NULL),
 (1896,'A Rettent? Éj Harmadik Gyermeke',6,187,187,NULL),
 (1897,'Az Árva Tolvajok',6,188,188,NULL),
 (1898,'Az Árva Tudósok',6,189,189,NULL),
 (1899,'Madiel',6,190,190,NULL),
 (1900,'Nuriel',6,192,191,NULL),
 (1901,'Israel',6,193,193,NULL),
 (1902,'Egyiptomi Kappadókok',6,194,194,NULL),
 (1903,'Constancia / Unre',6,199,195,NULL),
 (1904,'Abraham',6,203,200,NULL),
 (1905,'Lord Camden',6,206,204,NULL),
 (1906,'Lahmia',6,207,207,NULL),
 (1907,'Troglodytia',6,208,208,NULL),
 (1908,'Samedi Báró',6,214,209,NULL),
 (1909,'Alexia Theusa',6,215,215,NULL),
 (1910,'Antiokhiai Kürosz',6,219,216,NULL),
 (1911,'Ungol',6,221,220,NULL),
 (1912,'Claudius Giovanni',6,241,222,NULL),
 (1913,'Addemar',6,257,242,NULL),
 (1914,'Mellandis',6,262,258,NULL),
 (1915,'Alabaster',6,267,263,NULL),
 (1916,'Az Ankou',6,268,268,NULL),
 (1917,'A Fekete Banya',6,271,269,NULL),
 (1918,'Antoine le Fanu',6,279,272,NULL),
 (1919,'Abd-Ar-Rahman',6,288,280,NULL),
 (1920,'Tryphosa',6,290,289,NULL),
 (1921,'Necross',6,292,291,NULL),
 (1922,'Brude',6,299,293,NULL),
 (1923,'A Dionüszoszi',6,303,300,NULL),
 (1924,'Szfinx',6,306,304,NULL),
 (1925,'Nero',6,308,307,NULL),
 (1926,'Marcus',6,314,309,NULL),
 (1927,'Alchius',6,317,315,NULL),
 (1928,'Demtius',6,325,318,NULL),
 (1929,'Louhi',6,331,326,NULL),
 (1930,'Andre Milano',6,337,332,NULL),
 (1931,'Harold Zettler',6,339,338,NULL),
 (1932,'Indiai Malkaviták',6,340,340,NULL),
 (1933,'Unmada',6,343,341,NULL),
 (1934,'Meneleus / Menele',6,398,344,NULL),
 (1935,'Losario',6,425,399,NULL),
 (1936,'Hannibal',6,459,426,NULL),
 (1937,'Shalmath',6,461,460,NULL),
 (1938,'Azif',6,462,462,NULL),
 (1939,'Tegyrius',6,466,463,NULL),
 (1940,'Khaldun',6,468,467,NULL),
 (1941,'Rebekah',6,471,469,NULL),
 (1942,'Al-Ashrad',6,477,472,NULL),
 (1943,'Nar-Sheptha, az ?rz?',6,478,478,NULL),
 (1944,'Shango vérvonal',6,480,479,NULL),
 (1945,'Thetmes',6,484,481,NULL),
 (1946,'Izhim ur-Baal / Izhim abd''Azrael',6,486,485,NULL),
 (1947,'Mohara',6,491,487,NULL),
 (1948,'Wasim',6,492,492,NULL),
 (1949,'Bakr',6,493,493,NULL),
 (1950,'Pelagon',6,494,494,NULL),
 (1951,'Khetamon',6,495,495,NULL),
 (1952,'Núbiai Lasombrák',6,496,496,NULL),
 (1953,'Xi Dundu vérvonal',6,497,497,NULL),
 (1954,'Nahir',6,500,498,NULL),
 (1955,'Awsam',6,505,501,NULL),
 (1956,'Silvester de Ruiz',6,524,506,NULL),
 (1957,'Görög Lasombrák',6,525,525,NULL),
 (1958,'Perzsa Lasombrák',6,526,526,NULL),
 (1959,'Cynna',6,527,527,NULL),
 (1960,'Indiai Lasombrák',6,528,528,NULL),
 (1961,'Goeffrey',6,533,529,NULL),
 (1962,'Basilio',6,548,534,NULL),
 (1963,'Marconius',6,549,549,NULL),
 (1964,'Thomas von Hossen',6,553,550,NULL),
 (1965,'Tercio Bravo',6,556,554,NULL),
 (1966,'Perzsa Lasombrák',6,557,557,NULL),
 (1967,'Sybil',6,581,558,NULL),
 (1968,'Al-Gamiz',6,593,582,NULL),
 (1969,'Randall',6,599,594,NULL),
 (1970,'Hassan al-Samhir / Karsh',6,602,600,NULL),
 (1971,'Jalan-Alav',6,603,603,NULL),
 (1972,'Pard, a Sivatagi Oroszlán',6,611,604,NULL),
 (1973,'Attila, a Hun',6,618,612,NULL),
 (1974,'Lareth',6,621,619,NULL),
 (1975,'Indiai Gangrelek',6,622,622,NULL),
 (1976,'Khmer Gangrelek',6,623,623,NULL),
 (1977,'Ulfsdottir',6,640,624,NULL),
 (1978,'Scendrak',6,647,641,NULL),
 (1979,'Gwyedd',6,662,648,NULL),
 (1980,'Gilgamesh',6,664,663,NULL),
 (1981,'Elijah',6,671,665,NULL),
 (1982,'Nostoket',6,674,672,NULL),
 (1983,'Görög Gangrelek',6,675,675,NULL),
 (1984,'Noiádok',6,676,676,NULL),
 (1985,'Mictlantecuhtli',6,679,677,NULL),
 (1986,'Windam',6,681,680,NULL),
 (1987,'Vágtázó',6,682,682,NULL),
 (1988,'Kanadai Gangrelek',6,683,683,NULL),
 (1989,'Amerikai Gangrelek',6,684,684,NULL),
 (1990,'Tisquantum',6,690,685,NULL),
 (1991,'Mauchaug',6,691,691,NULL),
 (1992,'Irokéz Gangrelek',6,692,692,NULL),
 (1993,'Kanadai Gangrelek',6,693,693,NULL),
 (1994,'Amerikai Gangrelek',6,694,694,NULL),
 (1995,'Karthágói Gangrelek',6,695,695,NULL),
 (1996,'Marcus Sextus / Esemkofu',6,703,696,NULL),
 (1997,'Antithera',6,704,704,NULL),
 (1998,'Etióp Gangrelek',6,705,705,NULL),
 (1999,'Akunanse vérvonal',6,706,706,NULL),
 (2000,'Chinkhai, a Merész',6,707,707,NULL),
 (2001,'Yesira, az Anya',6,717,708,NULL),
 (2002,'Görög Nosferatuk',6,718,718,NULL),
 (2003,'Cristo',6,739,719,NULL),
 (2004,'Hauzal',6,758,740,NULL),
 (2005,'Androvikus',6,768,759,NULL),
 (2006,'Urghalt',6,778,769,NULL),
 (2007,'Tarique al-Hajji',6,785,779,NULL),
 (2008,'Alexius',6,806,786,NULL),
 (2009,'Cassius',6,814,807,NULL),
 (2010,'Trajanus',6,822,815,NULL),
 (2011,'Guruhi vérvonal',6,823,823,NULL),
 (2012,'Gutka, a Sókirályn?',6,824,824,NULL),
 (2013,'Subotai kán',6,825,825,NULL),
 (2014,'Melitta Wallenberg',6,826,826,NULL),
 (2015,'Szergei Voshkov',6,828,827,NULL),
 (2016,'Perzsa Toreadorok',6,829,829,NULL),
 (2017,'Caius Petronius',6,832,830,NULL),
 (2018,'Enimachia',6,843,833,NULL),
 (2019,'Iulus Rufus Naso',6,854,844,NULL),
 (2020,'Masser',6,855,855,NULL),
 (2021,'Tralles-i Anthemios',6,858,856,NULL),
 (2022,'Pakourianis, a Galamb',6,860,859,NULL),
 (2023,'Paul Bathalos',6,864,861,NULL),
 (2024,'Krétai Toreadorok',6,865,865,NULL),
 (2025,'Helena',6,903,866,NULL),
 (2026,'Görög Toreadorok',6,904,904,NULL),
 (2027,'Karthágói Toreadorok',6,905,905,NULL),
 (2028,'Ishaq',6,912,906,NULL),
 (2029,'Normandiai András',6,920,913,NULL),
 (2030,'Babiloni Toreadorok',6,921,921,NULL),
 (2031,'Asszír Toreadorok',6,922,922,NULL),
 (2032,'Perzsa Toreadorok',6,923,923,NULL),
 (2033,'Vasthai',6,926,924,NULL),
 (2034,'Krétai Toreadorok',6,927,927,NULL),
 (2035,'Endymion',6,943,928,NULL),
 (2036,'Istharri vérvonal',6,944,944,NULL),
 (2037,'Mariella',6,946,945,NULL),
 (2038,'Karthágói Toreadorok',6,947,947,NULL),
 (2039,'Spanyol Toreadorok',6,948,948,NULL),
 (2040,'Argentín Toreadorok',6,949,949,NULL),
 (2041,'Rafael de Corazon',6,960,950,NULL),
 (2042,'Allanyan Serata',6,962,961,NULL),
 (2043,'Philippe Volgirre',6,973,963,NULL),
 (2044,'Christopher Houghton',6,975,974,NULL),
 (2045,'Nehsi',6,977,976,NULL),
 (2046,'Legba',6,978,978,NULL),
 (2047,'Neferu',6,979,979,NULL),
 (2048,'Ororiouth ',6,982,980,NULL),
 (2049,'Aabt kígyók',6,985,983,NULL),
 (2050,'Tremere',6,986,986,NULL),
 (2051,'Etrius',6,1003,987,NULL),
 (2052,'Goratrix',6,1016,1004,NULL),
 (2053,'Meerlinda',6,1024,1017,NULL),
 (2054,'Calderon',6,1036,1025,NULL),
 (2055,'Grimgroth',6,1041,1037,NULL),
 (2056,'Xavier de Cincao',6,1043,1042,NULL),
 (2057,'Lotharius',6,0,1044,NULL),
 (2058,'5. geeráció',7,0,309,1926),
 (2059,'5. geeráció',7,768,769,2006),
 (2060,'Egyiptomi Ventruek',8,1,1,NULL),
 (2061,'Gotsdam',8,2,2,NULL),
 (2062,'Severus',8,3,3,NULL),
 (2063,'Ishrafel',8,8,4,NULL),
 (2064,'Summer Ventruek',8,10,9,NULL),
 (2065,'Francia Ventruek',8,11,11,NULL),
 (2066,'Bartholomeo',8,15,12,NULL),
 (2067,'Rebekah',8,16,16,NULL),
 (2068,'Stalest Coursain',8,19,17,NULL),
 (2069,'Godefroy',8,21,20,NULL),
 (2070,'Evarchus',8,22,22,NULL),
 (2071,'Gnaeus',8,23,23,NULL),
 (2072,'Gaius Cassius',8,26,24,NULL),
 (2073,'Z''avier S''ren',8,27,27,NULL),
 (2074,'Olasz Ventruek',8,28,28,NULL),
 (2075,'Camilla',8,29,29,NULL),
 (2076,'Lyle',8,30,30,NULL),
 (2077,'Római Ventruek',8,0,31,NULL),
 (2078,'Római Ventruek',8,32,32,NULL),
 (2079,'Barbarossa',8,34,33,NULL),
 (2080,'Cyrene-i Sára',8,37,35,NULL),
 (2081,'Miguel de Aguerrila',8,40,38,NULL),
 (2082,'Nathaniel van Hooves',8,42,41,NULL),
 (2083,'Johannes Castelein',8,43,43,NULL),
 (2084,'Epirus',8,47,44,NULL),
 (2085,'Democritus',8,48,48,NULL),
 (2086,'Tonuzoba (Tanis-Aba)',8,54,49,NULL),
 (2087,'Bölcs Károly',8,58,55,NULL),
 (2088,'Örményországi Helena',8,59,59,NULL),
 (2089,'Nicepherus',8,62,60,NULL),
 (2090,'Ducas',8,64,63,NULL),
 (2091,'Jürgen von Verden',8,65,65,NULL),
 (2092,'Heinz Eulau',8,66,66,NULL),
 (2093,'Frazier',8,67,67,NULL),
 (2094,'Hardestadt az Ifjú',8,69,68,NULL),
 (2095,'Rhiothamus',8,71,70,NULL),
 (2096,'Justania',8,77,72,NULL),
 (2097,'Eleanor d''Harcour',8,78,78,NULL),
 (2098,'Doran',8,81,79,NULL),
 (2099,'Aquitániai Odo',8,82,82,NULL),
 (2100,'Saviarre grófn?',8,83,83,NULL),
 (2101,'Francia Ventruek',8,84,84,NULL),
 (2102,'Bruce de Guy',8,87,85,NULL),
 (2103,'Mezopotámiai Ventruek',8,88,88,NULL),
 (2104,'Bindusara',8,98,89,NULL),
 (2105,'Qadi Vardek',8,99,99,NULL),
 (2106,'Marcus',8,104,100,NULL),
 (2107,'Tiglah-Adad',8,105,105,NULL),
 (2108,'Cyras Artraxis',8,108,106,NULL),
 (2109,'Owain ap Ieuan',8,110,109,NULL),
 (2110,'Lucian Stewart',8,113,111,NULL),
 (2111,'Gustav Mallenhous',8,114,114,NULL),
 (2112,'Marcus Atilius Regulus',8,115,115,NULL),
 (2113,'Árpádházi Bulcsú',8,119,116,NULL),
 (2114,'Lengyel Ventruek',8,120,120,NULL),
 (2115,'Bohémiai Jadviga Almanov',8,126,121,NULL),
 (2116,'Árpádházi II. András',8,135,127,NULL),
 (2117,'Olasz Ventruek',8,136,136,NULL),
 (2118,'Szentszéki Ventruek',8,137,137,NULL),
 (2119,'Baylor',8,139,138,NULL),
 (2120,'Gustav Bredenstein',8,146,140,NULL),
 (2121,'Ea Adapa',8,147,147,NULL),
 (2122,'Anushin-Rawan',8,148,148,NULL),
 (2123,'Gregoria Rowlands',8,149,149,NULL),
 (2124,'Nicholas',8,151,150,NULL),
 (2125,'Perzsa Ventruek',8,152,152,NULL),
 (2126,'Datura',8,157,153,NULL),
 (2127,'Genevieve',8,158,158,NULL),
 (2128,'Nabur-Het',8,159,159,NULL),
 (2129,'Hilel',8,160,160,NULL),
 (2130,'Silas',8,161,161,NULL),
 (2131,'Dokiel',8,162,162,NULL),
 (2132,'Azrael',8,165,163,NULL),
 (2133,'Baradiel',8,166,166,NULL),
 (2134,'Karthágói Salubrik',8,167,167,NULL),
 (2135,'Egyiptomi Salubrik',8,168,168,NULL),
 (2136,'Afrikai Salubrik',8,170,169,NULL),
 (2137,'Orpheus',8,172,171,NULL),
 (2138,'Ahab, az Áruló',8,173,173,NULL),
 (2139,'Generys',8,175,174,NULL),
 (2140,'Mytale / Petaniqua',8,176,176,NULL),
 (2141,'Nidon, a Vak',8,177,177,NULL),
 (2142,'Hortator / Tlazolteotl',8,180,178,NULL),
 (2143,'Anaduk',8,183,181,NULL),
 (2144,'Antonio de Figo',8,190,184,NULL),
 (2145,'Oreniel al-Noor',8,192,191,NULL),
 (2146,'Nathaniel',8,194,193,NULL),
 (2147,'Mekharel',8,198,195,NULL),
 (2148,'Ambrogio Giovanni',8,199,199,NULL),
 (2149,'Theophilis',8,200,200,NULL),
 (2150,'Adam',8,203,201,NULL),
 (2151,'Maria Asuncion',8,206,204,NULL),
 (2152,'Lahmiák',8,208,207,NULL),
 (2153,'Morlock',8,209,209,NULL),
 (2154,'Genina',8,210,210,NULL),
 (2155,'Jorge de la Muerte',8,211,211,NULL),
 (2156,'Reg Driscoll',8,212,212,NULL),
 (2157,'Jack Dawson',8,214,213,NULL),
 (2158,'Bizánci Kappadókok',8,215,215,NULL),
 (2159,'Nabateus Aretas',8,216,216,NULL),
 (2160,'Kis-Ázsiai Kappadókok',8,217,217,NULL),
 (2161,'Török Kappadókok',8,218,218,NULL),
 (2162,'Thrákiai Amália',8,219,219,NULL),
 (2163,'Orosz Kappadókok',8,220,220,NULL),
 (2164,'Kazimirez, a Néma',8,221,221,NULL),
 (2165,'Ignazo Giovanni',8,226,222,NULL),
 (2166,'Andreas Giovanni',8,231,227,NULL),
 (2167,'Pietro Giovanni',8,236,232,NULL),
 (2168,'Giuseppe Giovanni',8,237,237,NULL),
 (2169,'Marianna Giovanni',8,240,238,NULL),
 (2170,'Pochtli',8,241,241,NULL),
 (2171,'Trimeggian',8,248,242,NULL),
 (2172,'Daguienne',8,251,249,NULL),
 (2173,'Genevieve de Limoge',8,257,252,NULL),
 (2174,'Francia Malkaviták',8,258,258,NULL),
 (2175,'Rosenkrantz',8,260,259,NULL),
 (2176,'Camilla Banes',8,262,261,NULL),
 (2177,'Carolina Bedelia',8,268,263,NULL),
 (2178,'Brovina',8,270,269,NULL),
 (2179,'Lord Theron',8,271,271,NULL),
 (2180,'Francia Malkaviták',8,272,272,NULL),
 (2181,'Damon',8,273,273,NULL),
 (2182,'Jago atya / Lazarus',8,276,274,NULL),
 (2183,'William Biltmore',8,279,277,NULL),
 (2184,'Jákob-Ézsau',8,283,280,NULL),
 (2185,'Al Ussa',8,286,284,NULL),
 (2186,'Levantei Malkaviták',8,287,287,NULL),
 (2187,'Arab Malkaviták',8,288,288,NULL),
 (2188,'Hyperion',8,289,289,NULL),
 (2189,'Görög Malkaviták',8,290,290,NULL),
 (2190,'Egyiptomi Malkaviták',8,291,291,NULL),
 (2191,'Görög Malkaviták',8,292,292,NULL),
 (2192,'Lasker',8,299,293,NULL),
 (2193,'Görög Malkaviták',8,300,300,NULL),
 (2194,'Achadramenos',8,303,301,NULL),
 (2195,'Egyiptomi Malkaviták',8,304,304,NULL),
 (2196,'Núbiai Malkaviták',8,305,305,NULL),
 (2197,'Afrikai Malkaviták',8,306,306,NULL),
 (2198,'Római Malkaviták',8,307,307,NULL),
 (2199,'Fehér Liliom',8,308,308,NULL),
 (2200,'Római Malkaviták',8,309,309,NULL),
 (2201,'Spanyol Malkaviták',8,310,310,NULL),
 (2202,'Octavio',8,314,311,NULL),
 (2203,'Római Malkaviták',8,315,315,NULL),
 (2204,'Hadrianus',8,317,316,NULL),
 (2205,'Theophana',8,321,318,NULL),
 (2206,'Gregorius Dimites',8,325,322,NULL),
 (2207,'Finn Malkaviták',8,326,326,NULL),
 (2208,'Balti Malkaviták',8,327,327,NULL),
 (2209,'Odr, a Költ?',8,330,328,NULL),
 (2210,'Morgana',8,331,331,NULL),
 (2211,'Olasz Malkaviták',8,332,332,NULL),
 (2212,'Alicia Barrows',8,337,333,NULL),
 (2213,'Német Malkaviták',8,338,338,NULL),
 (2214,'Lengyel Malkaviták',8,340,339,NULL),
 (2215,'Indiai Malkaviták',8,341,341,NULL),
 (2216,'Vasantasena',8,343,342,NULL),
 (2217,'Critias',8,358,344,NULL),
 (2218,'Samal',8,397,359,NULL),
 (2219,'Tiszta Csermely',8,398,398,NULL),
 (2220,'Altamira',8,410,399,NULL),
 (2221,'Osebo vérvonal',8,411,411,NULL),
 (2222,'Fekete Holló',8,416,412,NULL),
 (2223,'Adana de Sforza',8,425,417,NULL),
 (2224,'Milkarnamash',8,430,426,NULL),
 (2225,'Antonius Caracus',8,451,431,NULL),
 (2226,'Ibn Alomar',8,458,452,NULL),
 (2227,'Guilamme',8,459,459,NULL),
 (2228,'Rathmonicus',8,460,460,NULL),
 (2229,'Synesios',8,461,461,NULL),
 (2230,'Fariq',8,462,462,NULL),
 (2231,'Ismail',8,466,463,NULL),
 (2232,'Bajazet al-Nasir',8,468,467,NULL),
 (2233,'Shabah',8,471,469,NULL),
 (2234,'Amaravati',8,475,472,NULL),
 (2235,'Talaq',8,480,476,NULL),
 (2236,'Elijah Ahmed',8,483,481,NULL),
 (2237,'Fatima al-Faqadi',8,484,484,NULL),
 (2238,'Veradis',8,486,485,NULL),
 (2239,'Qusay ibn Namdar',8,491,487,NULL),
 (2240,'Karif al-Numair',8,492,492,NULL),
 (2241,'Tariq, a Néma',8,493,493,NULL),
 (2242,'Hilel al-Masaari',8,494,494,NULL),
 (2243,'Egyiptomi Lasombrák',8,497,495,NULL),
 (2244,'Kánaánita Lasombrák',8,498,498,NULL),
 (2245,'Levantei Lasombrák',8,499,499,NULL),
 (2246,'Marcus',8,500,500,NULL),
 (2247,'Berber Lasombrák',8,501,501,NULL),
 (2248,'Omar',8,502,502,NULL),
 (2249,'Abdullah',8,505,503,NULL),
 (2250,'Pablo y Concerella',8,511,506,NULL),
 (2251,'Portugál Lasombrák',8,526,512,NULL),
 (2252,'Ormisdas',8,528,527,NULL),
 (2253,'Normann Lasombrák',8,529,529,NULL),
 (2254,'Leopold Valdemar',8,530,530,NULL),
 (2255,'Olier Young',8,531,531,NULL),
 (2256,'Francia Lasombrák',8,532,532,NULL),
 (2257,'Amerikai Lasombrák',8,533,533,NULL),
 (2258,'Bizánci Lasombrák',8,534,534,NULL),
 (2259,'Balkáni Lasombrák',8,535,535,NULL),
 (2260,'Elieser de Polanco',8,539,536,NULL),
 (2261,'Erasmo Casimiro Alonso de Cursio',8,547,540,NULL),
 (2262,'Francia Lasombrák',8,548,548,NULL),
 (2263,'Bartholomew',8,549,549,NULL),
 (2264,'Köln-i Anselm',8,553,550,NULL),
 (2265,'Donna Beatrice',8,554,554,NULL),
 (2266,'Mexikói Lasombrák',8,555,555,NULL),
 (2267,'Amerikai Lasombrák',8,557,556,NULL),
 (2268,'Görög Lasombrák',8,558,558,NULL),
 (2269,'Lucius Aelius Sejanus',8,571,559,NULL),
 (2270,'Constantinus',8,581,572,NULL),
 (2271,'Hidalgo',8,591,582,NULL),
 (2272,'Barber Gangrelek',8,592,592,NULL),
 (2273,'Spanyol Gangrelek',8,593,593,NULL),
 (2274,'Christopher',8,598,594,NULL),
 (2275,'Fenton',8,599,599,NULL),
 (2276,'Zayyat / Abu Shammal',8,603,600,NULL),
 (2277,'Arnulf, a Bestia',8,610,604,NULL),
 (2278,'Perzsa Gangrelek',8,611,611,NULL),
 (2279,'Hun Gangrelek',8,612,612,NULL),
 (2280,'Csaba, a Táltos',8,618,613,NULL),
 (2281,'Zamhir',8,620,619,NULL),
 (2282,'Cigány Gangrelek',8,623,621,NULL),
 (2283,'Brunhilde / Brynhild',8,625,624,NULL),
 (2284,'Thorhalla',8,630,626,NULL),
 (2285,'Blaidd',8,633,631,NULL),
 (2286,'Harbard',8,640,634,NULL),
 (2287,'Milov Petrenkov',8,641,641,NULL),
 (2288,'Dimitra',8,646,642,NULL),
 (2289,'Viktor',8,647,647,NULL),
 (2290,'Tintagel-i Rhun',8,656,648,NULL),
 (2291,'Gareth',8,657,657,NULL),
 (2292,'Geoffrey Leigh',8,660,658,NULL),
 (2293,'Angus',8,661,661,NULL),
 (2294,'Kelta Gangrelek',8,662,662,NULL),
 (2295,'Sumer Gangrelek',8,663,663,NULL),
 (2296,'Asszír Gangrelek',8,664,664,NULL),
 (2297,'Kánaánita Gangrelek',8,665,665,NULL),
 (2298,'Marie Feroux',8,671,666,NULL),
 (2299,'Ariadne',8,672,672,NULL),
 (2300,'Balkáni Gangrelek',8,673,673,NULL),
 (2301,'Levantei Gangrelek',8,676,674,NULL),
 (2302,'Azték Gangrelek',8,677,677,NULL),
 (2303,'Xotli, a Varangy',8,678,678,NULL),
 (2304,'Mexikói Gangrelek',8,679,679,NULL),
 (2305,'Feketetoll',8,681,680,NULL),
 (2306,'Sziú Gangrelek',8,684,682,NULL),
 (2307,'Irokéz Gangrelek',8,685,685,NULL),
 (2308,'Battista Decamerone',8,690,686,NULL),
 (2309,'Beszédes Víz',8,695,691,NULL),
 (2310,'Egyiptomi Gangrelek',8,696,696,NULL),
 (2311,'Attius Sabinus',8,699,697,NULL),
 (2312,'Római Gangrelek',8,700,700,NULL),
 (2313,'Inyanga',8,702,701,NULL),
 (2314,'Mbogo Biashara',8,703,703,NULL),
 (2315,'Zahil',8,706,704,NULL),
 (2316,'Jelme, az Átkozott',8,707,707,NULL),
 (2317,'Oderic',8,718,708,NULL),
 (2318,'Gerard testvér',8,720,719,NULL),
 (2319,'Marienna',8,729,721,NULL),
 (2320,'Alonso Cristo Petrodon de Seville',8,739,730,NULL),
 (2321,'Josef von Bauern',8,750,740,NULL),
 (2322,'Mateusy Gryzbowsky',8,752,751,NULL),
 (2323,'Boronisk',8,755,753,NULL),
 (2324,'Dondinni',8,758,756,NULL),
 (2325,'Görög Nosferatuk',8,759,759,NULL),
 (2326,'Kothar',8,765,760,NULL),
 (2327,'Rasalon',8,768,766,NULL),
 (2328,'Varros Dominus',8,769,769,NULL),
 (2329,'Blake',8,773,770,NULL),
 (2330,'Hel',8,775,774,NULL),
 (2331,'Bhallaire',8,778,776,NULL),
 (2332,'Mazen',8,782,779,NULL),
 (2333,'Nirari',8,784,783,NULL),
 (2334,'Arab Nosferatuk',8,785,785,NULL),
 (2335,'Khalid al-Rashid',8,787,786,NULL),
 (2336,'Vasili, a B?nbánó',8,789,788,NULL),
 (2337,'Thaddeus',8,795,790,NULL),
 (2338,'Yehuda',8,796,796,NULL),
 (2339,'Tigranosz / Mester',8,806,797,NULL),
 (2340,'Római Nosferatuk',8,807,807,NULL),
 (2341,'Zacchaeus',8,808,808,NULL),
 (2342,'Hannibal',8,814,809,NULL),
 (2343,'Tribonius',8,815,815,NULL),
 (2344,'Othelius',8,816,816,NULL),
 (2345,'Violetta úrn?',8,817,817,NULL),
 (2346,'Powell',8,823,818,NULL),
 (2347,'Sabanu',8,824,824,NULL),
 (2348,'Sztyeppei Nosferatuk',8,825,825,NULL),
 (2349,'Ellison Humbolt',8,829,826,NULL),
 (2350,'Római Toreadorok',8,830,830,NULL),
 (2351,'Pascoe',8,832,831,NULL),
 (2352,'Darshuf',8,834,833,NULL),
 (2353,'Levantei Toreadorok',8,835,835,NULL),
 (2354,'Wenceslas',8,843,836,NULL),
 (2355,'Római Toreadorok',8,844,844,NULL),
 (2356,'Elonzo',8,854,845,NULL),
 (2357,'Barquat',8,855,855,NULL),
 (2358,'Bizánci Toreadorok',8,856,856,NULL),
 (2359,'Darian',8,858,857,NULL),
 (2360,'Bizánci Toreadorok',8,859,859,NULL),
 (2361,'Theophano',8,860,860,NULL),
 (2362,'Bizánci Toreadorok',8,861,861,NULL),
 (2363,'Balkáni Toreadorok',8,862,862,NULL),
 (2364,'Justinius',8,865,863,NULL),
 (2365,'Eletria',8,868,866,NULL),
 (2366,'Melinda Galbraith',8,872,869,NULL),
 (2367,'Maria',8,897,873,NULL),
 (2368,'Fracois Villon',8,905,898,NULL),
 (2369,'Berber Toreadorok',8,906,906,NULL),
 (2370,'Ghazlani',8,910,907,NULL),
 (2371,'Spanyol Toreadorok',8,911,911,NULL),
 (2372,'Redondo de Vasquez',8,912,912,NULL),
 (2373,'Normann Toreadorok',8,913,913,NULL),
 (2374,'Alain de Laigle',8,918,914,NULL),
 (2375,'Keresztes Toreadorok',8,919,919,NULL),
 (2376,'Kilian',8,923,920,NULL),
 (2377,'Elsh / Zaaru-Heyan',8,924,924,NULL),
 (2378,'Sophoniba',8,925,925,NULL),
 (2379,'Nakshidil',8,927,926,NULL),
 (2380,'Görög Toreadorok',8,928,928,NULL),
 (2381,'Olasz Toreadorok',8,929,929,NULL),
 (2382,'Angol Toreadorok',8,930,930,NULL),
 (2383,'Robert Gainesmill',8,939,931,NULL),
 (2384,'Thomas Essex',8,941,940,NULL),
 (2385,'Oscar Wilde',8,944,942,NULL),
 (2386,'Marcellus',8,949,945,NULL),
 (2387,'Herodian',8,951,950,NULL),
 (2388,'Dravik gróf',8,956,952,NULL),
 (2389,'Montecalme',8,958,957,NULL),
 (2390,'Holland Toreadorok',8,959,959,NULL),
 (2391,'Amerikai Toreadorok',8,960,960,NULL),
 (2392,'Spanyol Toreadorok',8,961,961,NULL),
 (2393,'Amerikai Toreadorok',8,962,962,NULL),
 (2394,'Adelard',8,965,963,NULL),
 (2395,'Asvald, az Ács',8,966,966,NULL),
 (2396,'Carel van der Driessche',8,968,967,NULL),
 (2397,'Amerikai Toreadorok',8,969,969,NULL),
 (2398,'Audrie Guil',8,973,970,NULL),
 (2399,'Don Sebastian',8,974,974,NULL),
 (2400,'Joaquin Murietta',8,975,975,NULL),
 (2401,'Kay''tall',8,976,976,NULL),
 (2402,'Jocalo',8,977,977,NULL),
 (2403,'Ollam-Onga',8,978,978,NULL),
 (2404,'Sobek',8,979,979,NULL),
 (2405,'Nebseni',8,980,980,NULL),
 (2406,'Ghede',8,986,981,NULL),
 (2407,'Mendacamina, a Vassz?z',8,992,987,NULL),
 (2408,'Celestyn',8,996,993,NULL),
 (2409,'Anastasia',8,998,997,NULL),
 (2410,'Filaereus',8,1000,999,NULL),
 (2411,'Peter Spizzo',8,1003,1001,NULL),
 (2412,'Epistatia, a Bitorlók Vadásza',8,1006,1004,NULL),
 (2413,'Malgorzata',8,1010,1007,NULL),
 (2414,'Mario Reymundo Vasquez',8,1013,1011,NULL),
 (2415,'Orlando Oriundus',8,1016,1014,NULL),
 (2416,'Abetorius',8,1018,1017,NULL),
 (2417,'Geraint de Montfort',8,1019,1019,NULL),
 (2418,'John Dee',8,1020,1020,NULL),
 (2419,'John Diamond',8,1021,1021,NULL),
 (2420,'Dulcis',8,1022,1022,NULL),
 (2421,'Cornelius',8,1024,1023,NULL),
 (2422,'Shravael',8,1025,1025,NULL),
 (2423,'Elaine de Calinot',8,1027,1026,NULL),
 (2424,'Stromburg',8,1032,1028,NULL),
 (2425,'William Thorbecke',8,1034,1033,NULL),
 (2426,'Thomas Wycham',8,1036,1035,NULL),
 (2427,'Ulugh bég',8,1037,1037,NULL),
 (2428,'Lord Casmir',8,1041,1038,NULL),
 (2429,'Khamir al Andalus',8,1042,1042,NULL),
 (2430,'Tomas Marcello',8,1043,1043,NULL),
 (2431,'Karl Schrekt',8,0,1044,2059),
 (2432,'6. heneráció',9,0,159,2128),
 (2433,'Dylan',10,2,2,NULL),
 (2434,'Lucinde',10,3,3,NULL),
 (2435,'Malachi Faruq',10,4,4,NULL),
 (2436,'Mustafa',10,6,5,NULL),
 (2437,'Amon Ho-tepe / Hoteph',10,11,7,NULL),
 (2438,'Olasz Ventruek',10,12,12,NULL),
 (2439,'Gawain',10,13,13,NULL),
 (2440,'Michaela',10,15,14,NULL),
 (2441,'Kánaánita Ventruek',10,16,16,NULL),
 (2442,'Guillame de Tulede',10,17,17,NULL),
 (2443,'Catherine von Hawthorne',10,19,18,NULL),
 (2444,'Skandináv Ventruek',10,20,20,NULL),
 (2445,'Titus',10,21,21,NULL),
 (2446,'Görög Ventruek',10,22,22,NULL),
 (2447,'Junius',10,23,23,NULL),
 (2448,'Lucius Trebius Rufus',10,25,24,NULL),
 (2449,'Római Ventruek',10,0,26,NULL),
 (2450,'Római Ventruek',10,29,29,NULL),
 (2451,'Amerikai Ventruek',10,32,30,NULL),
 (2452,'Német Ventruek',10,34,33,NULL),
 (2453,'Skóciai Anguselus',10,35,35,NULL),
 (2454,'Horatio Vallengard',10,36,36,NULL),
 (2455,'Sabine Rothschilde',10,37,37,NULL),
 (2456,'Sebastiao de Avis',10,38,38,NULL),
 (2457,'Arturo San Gerande',10,39,39,NULL),
 (2458,'Spanyol Ventruek',10,40,40,NULL),
 (2459,'Holland Ventruek',10,41,41,NULL),
 (2460,'Brazil Ventruek',10,42,42,NULL),
 (2461,'Arjan Voorhies',10,43,43,NULL),
 (2462,'Bizánci Ventruek',10,44,44,NULL),
 (2463,'Marcus Vitel',10,45,45,NULL),
 (2464,'Ashton',10,47,46,NULL),
 (2465,'Görög Ventruek',10,48,48,NULL),
 (2466,'Árpádházi Zombor',10,54,49,NULL),
 (2467,'Skithos',10,55,55,NULL),
 (2468,'Robert Kross',10,58,56,NULL),
 (2469,'Örmény Ventruek',10,59,59,NULL),
 (2470,'Theodora',10,61,60,NULL),
 (2471,'Orosz Ventruek',10,62,62,NULL),
 (2472,'Anna Comnena',10,64,63,NULL),
 (2473,'Német Ventruek',10,0,65,NULL),
 (2474,'Német Ventruek',10,66,66,NULL),
 (2475,'Wittmann Antall',10,67,67,NULL),
 (2476,'Német Ventruek',10,68,68,NULL),
 (2477,'Jan Pieterzoon',10,69,69,NULL),
 (2478,'Charlemagne',10,71,70,NULL),
 (2479,'Gilbert d''Harfleur',10,72,72,NULL),
 (2480,'Anya Krylova',10,76,73,NULL),
 (2481,'Victoria Sinclair',10,77,77,NULL),
 (2482,'Norman Ventruek',10,78,78,NULL),
 (2483,'Philippe de Margaux',10,80,79,NULL),
 (2484,'Amerikai Ventruek',10,81,81,NULL),
 (2485,'York-i Margit',10,82,82,NULL),
 (2486,'Francia Ventruek',10,84,83,NULL),
 (2487,'Kanadai Ventruek',10,88,85,NULL),
 (2488,'Indiai Ventruek',10,89,89,NULL),
 (2489,'Caius Marius',10,93,90,NULL),
 (2490,'Valerius',10,96,94,NULL),
 (2491,'Marcellus Cicero',10,98,97,NULL),
 (2492,'Levantei Ventruek',10,99,99,NULL),
 (2493,'Stephen von Dorn',10,100,100,NULL),
 (2494,'Joseph Bar',10,101,101,NULL),
 (2495,'Arthur Logan',10,102,102,NULL),
 (2496,'Lord Kelvin',10,103,103,NULL),
 (2497,'Robert Pedder',10,104,104,NULL),
 (2498,'Asszír Ventruek',10,105,105,NULL),
 (2499,'Perzsa Ventruek',10,106,106,NULL),
 (2500,'Nicephrous Baalikratonis',10,108,107,NULL),
 (2501,'Kelta Ventruek',10,109,109,NULL),
 (2502,'Amerikai Ventruek',10,110,110,NULL),
 (2503,'Angol Ventruek',10,111,111,NULL),
 (2504,'Skót Ventruek',10,112,112,NULL),
 (2505,'Spanyol Ventruek',10,113,113,NULL),
 (2506,'Skandináv Ventruek',10,114,114,NULL),
 (2507,'Siegfried',10,115,115,NULL),
 (2508,'Árpádházi Géza',10,117,116,NULL),
 (2509,'Áprádházi Gizella',10,118,118,NULL),
 (2510,'Vencel Rikard',10,120,119,NULL),
 (2511,'báró Jan Hredel',10,121,121,NULL),
 (2512,'Ladek Visnitz',10,126,122,NULL),
 (2513,'gróf Mailáth Erzsébet',10,129,127,NULL),
 (2514,'Zalay Mihály',10,130,130,NULL),
 (2515,'Szebeni Miklós',10,137,131,NULL),
 (2516,'Eleanor Hodge',10,138,138,NULL),
 (2517,'dr. Joshua McCallister',10,139,139,NULL),
 (2518,'Wilhelm Waldburg',10,141,140,NULL),
 (2519,'Katarina Kornfeld',10,143,142,NULL),
 (2520,'Köln-i Frigyes',10,144,144,NULL),
 (2521,'Peter Kleist',10,146,145,NULL),
 (2522,'Summer Ventruek',10,148,147,NULL),
 (2523,'Upton Rowlands',10,149,149,NULL),
 (2524,'Angol Ventruek',10,150,150,NULL),
 (2525,'Abram',10,152,151,NULL),
 (2526,'Perzsa Ventruek',10,153,153,NULL),
 (2527,'Mexikói Ventruek',10,154,154,NULL),
 (2528,'Lodin',10,157,155,NULL),
 (2529,'Wenceslaus',10,158,158,NULL),
 (2530,'Kydos',10,159,159,NULL),
 (2531,'Gabriel',10,160,160,NULL),
 (2532,'Levantei Salubrik',10,161,161,NULL),
 (2533,'Kadiel',10,162,162,NULL),
 (2534,'Római Salubrik',10,163,163,NULL),
 (2535,'Spanyol Salubrik',10,164,164,NULL),
 (2536,'Francia Salubrik',10,165,165,NULL),
 (2537,'Scatha',10,170,166,NULL),
 (2538,'Achmet, az Álmodó',10,173,171,NULL),
 (2539,'Hershel',10,174,174,NULL),
 (2540,'Matthias',10,176,175,NULL),
 (2541,'Azanael',10,177,177,NULL),
 (2542,'Delfoso',10,179,178,NULL),
 (2543,'Azték Baalik',10,180,180,NULL),
 (2544,'Ma-Ri-Ah / Fekete Mária',10,181,181,NULL),
 (2545,'K''thstl',10,182,182,NULL),
 (2546,'Darak',10,183,183,NULL),
 (2547,'Giotto Verducci',10,190,184,NULL),
 (2548,'Amphiloctes',10,191,191,NULL),
 (2549,'Gennadios',10,192,192,NULL),
 (2550,'Kánaánita Salubrik',10,194,193,NULL),
 (2551,'Egothia',10,198,195,NULL),
 (2552,'Gillespi Giovanni',10,199,199,NULL),
 (2553,'Görög Kappadókok',10,200,200,NULL),
 (2554,'Levantei Kappadókok',10,201,201,NULL),
 (2555,'Malakiah',10,203,202,NULL),
 (2556,'Francia Kappadókok',10,204,204,NULL),
 (2557,'Angol Kappadókok',10,205,205,NULL),
 (2558,'Karl Gregorj Pranek / Orpheus',10,208,206,NULL),
 (2559,'Baroque',10,210,209,NULL),
 (2560,'Macoute',10,211,211,NULL),
 (2561,'Amerikai Samedik',10,212,212,NULL),
 (2562,'Vanda le Claire',10,215,213,NULL),
 (2563,'Gelias',10,218,216,NULL),
 (2564,'Burgundiai Boderick',10,220,219,NULL),
 (2565,'Lengyel Kappadókok',10,221,221,NULL),
 (2566,'Lucretia Giovanni',10,224,222,NULL),
 (2567,'Baldesar Rossellini',10,226,225,NULL),
 (2568,'Mario Giovanni',10,229,227,NULL),
 (2569,'Lisandro Giovanni',10,231,230,NULL),
 (2570,'Madeleine Giovanni',10,232,232,NULL),
 (2571,'Vincenzo Giovanni',10,236,233,NULL),
 (2572,'Markus Musa Giovanni',10,237,237,NULL),
 (2573,'Lorenzo Giovanni',10,239,238,NULL),
 (2574,'Kenneth Stahl',10,240,240,NULL),
 (2575,'Pisanob Hecstapolapiquatl',10,241,241,NULL),
 (2576,'Lutz von Hohenzollern',10,242,242,NULL),
 (2577,'Dr. Douglas Netchurch',10,248,243,NULL),
 (2578,'Francia Malkaviták',10,249,249,NULL),
 (2579,'Navarrai Malkaviták',10,250,250,NULL),
 (2580,'Pelinka',10,251,251,NULL),
 (2581,'Lucia d''Avilla',10,256,252,NULL),
 (2582,'Ringall',10,258,257,NULL),
 (2583,'Német Malkaviták',10,259,259,NULL),
 (2584,'Skandináv Malkaviták',10,260,260,NULL),
 (2585,'Albert',10,261,261,NULL),
 (2586,'Német Malkaviták',10,262,262,NULL),
 (2587,'Amerikai Malkaviták',10,263,263,NULL),
 (2588,'Johann Weltmann',10,264,264,NULL),
 (2589,'J. Benison Hodge',10,268,265,NULL),
 (2590,'Marge Kahn',10,269,269,NULL),
 (2591,'Restewin',10,272,270,NULL),
 (2592,'Aristotle de Laurent',10,273,273,NULL),
 (2593,'Olasz Malkaviták',10,274,274,NULL),
 (2594,'Lyra',10,275,275,NULL),
 (2595,'Amerikai Malkaviták',10,276,276,NULL),
 (2596,'Alex Silverson',10,277,277,NULL),
 (2597,'Angol Malkaviták',10,278,278,NULL),
 (2598,'Amerikai  Malkaviták',10,279,279,NULL),
 (2599,'Jason',10,280,280,NULL),
 (2600,'Yislei',10,282,281,NULL),
 (2601,'Kánaánita Malkaviták',10,283,283,NULL),
 (2602,'Mahfuz',10,284,284,NULL),
 (2603,'Hassan',10,285,285,NULL),
 (2604,'Arab Malkaviták',10,292,286,NULL),
 (2605,'Bryan',10,295,293,NULL),
 (2606,'Maureen O''Leary',10,300,296,NULL),
 (2607,'Aleister Crowley',10,310,301,NULL),
 (2608,'Magyar Malkaviták',10,311,311,NULL),
 (2609,'Wittenbergi Péter',10,313,312,NULL),
 (2610,'Cseh Malkaviták',10,315,314,NULL),
 (2611,'Római Malkaviták',10,316,316,NULL),
 (2612,'Olasz Malkaviták',10,317,317,NULL),
 (2613,'Eriantha',10,318,318,NULL),
 (2614,'Bizánci Malkaviták',10,319,319,NULL),
 (2615,'Dusan',10,320,320,NULL),
 (2616,'Orosz Malkaviták',10,321,321,NULL),
 (2617,'Bizánci Malkaviták',10,322,322,NULL),
 (2618,'Catherine',10,323,323,NULL),
 (2619,'Jharkav',10,324,324,NULL),
 (2620,'Balkáni Malkaviták',10,327,325,NULL),
 (2621,'Freia',10,329,328,NULL),
 (2622,'Frigga',10,330,330,NULL),
 (2623,'Kelta Malkaviták',10,332,331,NULL),
 (2624,'Német Malkaviták',10,333,333,NULL),
 (2625,'Wilhelm Meyer',10,335,334,NULL),
 (2626,'Angol Malkaviták',10,336,336,NULL),
 (2627,'Fitzgerald',10,343,337,NULL),
 (2628,'Görög Brujahk',10,344,344,NULL),
 (2629,'Procet',10,346,345,NULL),
 (2630,'Germaine gróf',10,347,347,NULL),
 (2631,'Juan Berger',10,350,348,NULL),
 (2632,'Damien',10,354,351,NULL),
 (2633,'Lorence',10,358,355,NULL),
 (2634,'Etheria',10,364,359,NULL),
 (2635,'Meridie de Chancie',10,369,365,NULL),
 (2636,'Marchettus, a Bátor',10,370,370,NULL),
 (2637,'Vörös Meg',10,371,371,NULL),
 (2638,'Dominic',10,397,372,NULL),
 (2639,'Ragyogó ?z / Yarian',10,398,398,NULL),
 (2640,'Spanyol Brujahk',10,399,399,NULL),
 (2641,'Isabella Corelli',10,409,400,NULL),
 (2642,'Maxwell',10,411,410,NULL),
 (2643,'Bjorn Garrison',10,413,412,NULL),
 (2644,'Siegfried',10,414,414,NULL),
 (2645,'Ilse Bänsh',10,416,415,NULL),
 (2646,'Savoya-i Guido',10,419,417,NULL),
 (2647,'Constancia Vinti',10,420,420,NULL),
 (2648,'Eleanor de Valois',10,424,421,NULL),
 (2649,'Amerikai Brujahk',10,425,425,NULL),
 (2650,'Karthágói Brujahk',10,426,426,NULL),
 (2651,'Afrikai Brujahk',10,427,427,NULL),
 (2652,'Mezekht',10,428,428,NULL),
 (2653,'Selina',10,430,429,NULL),
 (2654,'Római Brujahk',10,431,431,NULL),
 (2655,'Tribonius',10,446,432,NULL),
 (2656,'Maximarius',10,448,447,NULL),
 (2657,'Marcos',10,449,449,NULL),
 (2658,'Caravelli',10,451,450,NULL),
 (2659,'Yoav',10,452,452,NULL),
 (2660,'Azif',10,454,453,NULL),
 (2661,'Jabar',10,458,455,NULL),
 (2662,'Német Brujahk',10,459,459,NULL),
 (2663,'Antonia Veradas',10,460,460,NULL),
 (2664,'Krassimir',10,462,461,NULL),
 (2665,'Abin bin Haji',10,463,463,NULL),
 (2666,'Karim',10,464,464,NULL),
 (2667,'David Wendt',10,466,465,NULL),
 (2668,'Tamarind',10,468,467,NULL),
 (2669,'Arishima Hisato',10,469,469,NULL),
 (2670,'Azita Hisami',10,470,470,NULL),
 (2671,'Margaretha Geertruida Zelle',10,471,471,NULL),
 (2672,'Quadir ul-Ghani',10,474,472,NULL),
 (2673,'Sarah Schneier',10,475,475,NULL),
 (2674,'Badr Alkhaiwani',10,476,476,NULL),
 (2675,'Hedeyat al-Sair',10,480,477,NULL),
 (2676,'Anju',10,481,481,NULL),
 (2677,'Thucimia',10,484,482,NULL),
 (2678,'Kashan',10,486,485,NULL),
 (2679,'Habiba al-Sikkeen',10,491,487,NULL),
 (2680,'Wilhelm d''Aver',10,492,492,NULL),
 (2681,'Gabriel Chavez',10,493,493,NULL),
 (2682,'Ahmal',10,501,494,NULL),
 (2683,'Arab Lasombrák',10,0,502,2432),
 (2684,'Arab Lasombrák',10,503,503,NULL),
 (2685,'Marcos',10,504,504,NULL),
 (2686,'Szulejmán',10,505,505,NULL),
 (2687,'Spanyol Lasombrák',10,506,506,NULL),
 (2688,'Julia',10,507,507,NULL),
 (2689,'Francisco Domingo de Polonia',10,512,508,NULL),
 (2690,'Juan Antonio Ramirez y Alvarez de Santiago',10,515,513,NULL),
 (2691,'Aragóniai Lucita',10,516,516,NULL),
 (2692,'Ibrahim',10,520,517,NULL),
 (2693,'Antonio Vallejo',10,522,521,NULL),
 (2694,'Keresztes Lasombrák',10,523,523,NULL),
 (2695,'Amerikai Lasombrák',10,526,524,NULL),
 (2696,'Pharnabazus',10,529,527,NULL),
 (2697,'Angol Lasombrák',10,0,530,2432),
 (2698,'Angol Lasombrák',10,535,531,NULL),
 (2699,'Spanyol Lasombrák',10,536,536,NULL),
 (2700,'Massimiliano Alonzo Lopa de Reyes',10,538,537,NULL),
 (2701,'Latin-Amerikai Lasombrák',10,539,539,NULL),
 (2702,'Spanyol Lasombrák',10,540,540,NULL),
 (2703,'Mexikói Lasombrák',10,541,541,NULL),
 (2704,'Isabelle',10,544,542,NULL),
 (2705,'Basilio, az Öreg',10,545,545,NULL),
 (2706,'Olasz Lasombrák',10,546,546,NULL),
 (2707,'Holland Lasombrák',10,548,547,NULL),
 (2708,'Kiasydok',10,549,549,NULL),
 (2709,'Barbelo',10,550,550,NULL),
 (2710,'Talley',10,551,551,NULL),
 (2711,'Nenna Palavin',10,552,552,NULL),
 (2712,'Thomas Smith',10,553,553,NULL),
 (2713,'Medina Sidonia',10,558,554,NULL),
 (2714,'Lucius',10,559,559,NULL),
 (2715,'Bizánci Lasombrák',10,560,560,NULL),
 (2716,'Enrico',10,564,561,NULL),
 (2717,'Lucca-i Benito',10,568,565,NULL),
 (2718,'Claudius Eugenio',10,570,569,NULL),
 (2719,'Monica Black',10,571,571,NULL),
 (2720,'Bizánci Lasombrák',10,572,572,NULL),
 (2721,'Narses',10,581,573,NULL),
 (2722,'Murcia',10,584,582,NULL),
 (2723,'Spanyol Gangrelek',10,585,585,NULL),
 (2724,'Odoin',10,589,586,NULL),
 (2725,'Portugál Gangrelek',10,590,590,NULL),
 (2726,'Latin-Amerikai Gangrelek',10,593,591,NULL),
 (2727,'Francia Gangrelek',10,594,594,NULL),
 (2728,'Chauson',10,596,595,NULL),
 (2729,'Herve',10,597,597,NULL),
 (2730,'Amerikai Gangrelek',10,598,598,NULL),
 (2731,'Ausztrál Gangrelek',10,599,599,NULL),
 (2732,'Perzsa Gangrelek',10,600,600,NULL),
 (2733,'Arab Gangrelek',10,601,601,NULL),
 (2734,'Török Gangrelek',10,603,602,NULL),
 (2735,'Nieplomice-i Jolán',10,605,604,NULL),
 (2736,'Wyecheslav Gerdal',10,607,606,NULL),
 (2737,'Balkáni Gangrelek',10,608,608,NULL),
 (2738,'Mitru, a Vadász',10,612,609,NULL),
 (2739,'Magyar Gangrelek',10,613,613,NULL),
 (2740,'Bese, a Kánya',10,615,614,NULL),
 (2741,'Erdélyi Gangrelek',10,616,616,NULL),
 (2742,'Balkáni Gangrelek',10,617,617,NULL),
 (2743,'Lúdvérc',10,618,618,NULL),
 (2744,'Talos',10,623,619,NULL),
 (2745,'Skandináv Gangrelek',10,624,624,NULL),
 (2746,'Balti Gangrelek',10,625,625,NULL),
 (2747,'Skandináv Gangrelek',10,626,626,NULL),
 (2748,'Hakkon',10,630,627,NULL),
 (2749,'Ragnar Nordstorm',10,633,631,NULL),
 (2750,'Német Gangrelek',10,634,634,NULL),
 (2751,'Warfan, az Öreg Király',10,636,635,NULL),
 (2752,'Ralf Keller',10,637,637,NULL),
 (2753,'Erik',10,639,638,NULL),
 (2754,'Soldat',10,640,640,NULL),
 (2755,'Lengyel Gangrelek',10,641,641,NULL),
 (2756,'Piotr',10,644,642,NULL),
 (2757,'Ivana, a Fehér',10,645,645,NULL),
 (2758,'Orosz Gangrelek',10,0,646,2432),
 (2759,'Orosz Gangrelek',10,647,647,NULL),
 (2760,'Art Morgan',10,651,648,NULL),
 (2761,'Xavier de Calais',10,653,652,NULL),
 (2762,'Kelta Gangrelek',10,654,654,NULL),
 (2763,'Angol Gangrelek',10,655,655,NULL),
 (2764,'Amerikai Gangrelek',10,656,656,NULL),
 (2765,'Tyrus',10,657,657,NULL),
 (2766,'Beckett',10,658,658,NULL),
 (2767,'Angol Gangrelek',10,659,659,NULL),
 (2768,'Amerikai Gangrelek',10,660,660,NULL),
 (2769,'Skót Gangrelek',10,665,661,NULL),
 (2770,'Keresztes Gangrelek',10,666,666,NULL),
 (2771,'Hectorous',10,667,667,NULL),
 (2772,'Thomas Feroux',10,671,668,NULL),
 (2773,'Görög Gangrelek',10,679,672,NULL),
 (2774,'Kesely?',10,680,680,NULL),
 (2775,'Cseroki Gangrelek',10,685,681,NULL),
 (2776,'Keegan',10,688,686,NULL),
 (2777,'Karibi Gangrelek',10,689,689,NULL),
 (2778,'Amerikai Gangrelek',10,690,690,NULL),
 (2779,'Irokéz Gangrelek',10,696,691,NULL),
 (2780,'Rufus',10,700,697,NULL),
 (2781,'Zulu Gangrelek',10,701,701,NULL),
 (2782,'Doyle Fincher',10,703,702,NULL),
 (2783,'Eleanor d''Moren',10,706,704,NULL),
 (2784,'Andák',10,707,707,NULL),
 (2785,'Aajav, az Ifjú Farkas',10,718,708,NULL),
 (2786,'Raymond testvér',10,720,719,NULL),
 (2787,'Virginia',10,721,721,NULL),
 (2788,'Guy Buchain',10,722,722,NULL),
 (2789,'Anna Magdalena',10,724,723,NULL),
 (2790,'Federico diPadua',10,729,725,NULL),
 (2791,'Spanyol Nosferatuk',10,730,730,NULL),
 (2792,'Carlos',10,731,731,NULL),
 (2793,'Castillo',10,733,732,NULL),
 (2794,'Julio Martinez',10,737,734,NULL),
 (2795,'Cock Robin',10,738,738,NULL),
 (2796,'Amerikai Nosferatuk',10,739,739,NULL),
 (2797,'Trulnz-i Miléna',10,742,740,NULL),
 (2798,'Elmer Polansky',10,743,743,NULL),
 (2799,'Horace Slater',10,746,744,NULL),
 (2800,'Francis Broderick',10,749,747,NULL),
 (2801,'Német Nosferatuk',10,750,750,NULL),
 (2802,'Lengyel Nosferatuk',10,751,751,NULL),
 (2803,'Amerikai Nosferatuk',10,752,752,NULL),
 (2804,'Orosz Nosferatuk',10,753,753,NULL),
 (2805,'Petra',10,754,754,NULL),
 (2806,'Parovich',10,755,755,NULL),
 (2807,'Olasz Nosferatuk',10,756,756,NULL),
 (2808,'Velencei Alberto',10,757,757,NULL),
 (2809,'Christianus Lionel',10,759,758,NULL),
 (2810,'Ephraim',10,762,760,NULL),
 (2811,'Okulos',10,763,763,NULL),
 (2812,'Ghanat',10,765,764,NULL),
 (2813,'Levantei Nosferatuk',10,766,766,NULL),
 (2814,'Perzsa Nosferatuk',10,767,767,NULL),
 (2815,'Sradish',10,768,768,NULL),
 (2816,'Francia Nosferatuk',10,769,769,NULL),
 (2817,'Hugh de Ewloen',10,770,770,NULL),
 (2818,'Terry Mullingham',10,772,771,NULL),
 (2819,'Angol Nosferatuk',10,773,773,NULL),
 (2820,'Vika',10,775,774,NULL),
 (2821,'Aine',10,778,776,NULL),
 (2822,'Arab Nosferatuk',10,779,779,NULL),
 (2823,'Yacoub',10,781,780,NULL),
 (2824,'Török Nosferatuk',10,782,782,NULL),
 (2825,'Shutatarra',10,785,783,NULL),
 (2826,'Arab Nosferatuk',10,786,786,NULL),
 (2827,'Amerikai Nosferatuk',10,787,787,NULL),
 (2828,'Bizánci Nosferatuk',10,788,788,NULL),
 (2829,'Malachite/Malaki',10,789,789,NULL),
 (2830,'Bizánci Nosferatuk',10,790,790,NULL),
 (2831,'Argus Theophilides',10,791,791,NULL),
 (2832,'Orosz Nosferatuk',10,792,792,NULL),
 (2833,'Alexander Danov',10,795,793,NULL),
 (2834,'Josef Zvi',10,796,796,NULL),
 (2835,'Indiai Nosferatuk',10,797,797,NULL),
 (2836,'Örmény Nosferatuk',10,798,798,NULL),
 (2837,'Balkáni Nosferatuk',10,799,799,NULL),
 (2838,'Jacob Durgal',10,800,800,NULL),
 (2839,'Rabbi',10,807,801,NULL),
 (2840,'Sínai Mihail',10,808,808,NULL),
 (2841,'Kartágói Nosferatuk',10,809,809,NULL),
 (2842,'Aurelius',10,812,810,NULL),
 (2843,'Zelios',10,814,813,NULL),
 (2844,'Cloalca úrn?',10,816,815,NULL),
 (2845,'Mnemach úrn?',10,817,817,NULL),
 (2846,'Warwick',10,823,818,NULL),
 (2847,'Rabbat',10,830,824,NULL),
 (2848,'Olasz Toreadorok',10,831,831,NULL),
 (2849,'Lianna',10,832,832,NULL),
 (2850,'Mannal',10,833,833,NULL),
 (2851,'Levantei Toreadorok',10,835,834,NULL),
 (2852,'Lengyel Toreadorok',10,836,836,NULL),
 (2853,'Mariwa',10,838,837,NULL),
 (2854,'Balti Toreadorok',10,839,839,NULL),
 (2855,'Mikhail Lermontov',10,840,840,NULL),
 (2856,'Szergej Jeszenyin',10,842,841,NULL),
 (2857,'Orosz Toreadorok',10,844,843,NULL),
 (2858,'Olasz Toreadorok',10,845,845,NULL),
 (2859,'Timón mester',10,848,846,NULL),
 (2860,'Versanica',10,851,849,NULL),
 (2861,'Masdela',10,856,852,NULL),
 (2862,'Enasius',10,859,857,NULL),
 (2863,'Montpellier Katalin',10,862,860,NULL),
 (2864,'Belgrádi Marcos',10,865,863,NULL),
 (2865,'Görög Toreadorok',10,866,866,NULL),
 (2866,'Simon',10,867,867,NULL),
 (2867,'Latin-Amerikai Toreadorok',10,868,868,NULL),
 (2868,'Francia Toreadorok',10,869,869,NULL),
 (2869,'Mexikói Toreadorok',10,870,870,NULL),
 (2870,'Lady Melisandre',10,871,871,NULL),
 (2871,'Rosa Martinez',10,872,872,NULL),
 (2872,'Francia Toreadorok',10,873,873,NULL),
 (2873,'Bernard',10,877,874,NULL),
 (2874,'Isabella',10,878,878,NULL),
 (2875,'Oliver',10,884,879,NULL),
 (2876,'Annabelle Triabelle',10,897,885,NULL),
 (2877,'Violetta',10,900,898,NULL),
 (2878,'Calabris',10,901,901,NULL),
 (2879,'Renata di Medici',10,906,902,NULL),
 (2880,'Abd al-Haqq',10,908,907,NULL),
 (2881,'Levantei Toreadorok',10,909,909,NULL),
 (2882,'Arab Toreadorok',10,913,910,NULL),
 (2883,'Talios',10,914,914,NULL),
 (2884,'Ranulph',10,919,915,NULL),
 (2885,'Skót Toreadorok',10,923,920,NULL),
 (2886,'Kánaánita  Toreadorok',10,924,924,NULL),
 (2887,'Levantei  Toreadorok',10,925,925,NULL),
 (2888,'Török Toreadorok',10,930,926,NULL),
 (2889,'Edward Williams',10,938,931,NULL),
 (2890,'Angol Toreadorok',10,0,939,2432),
 (2891,'Angol Toreadorok',10,940,940,NULL),
 (2892,'Hong Kong-i Toreadorok',10,941,941,NULL),
 (2893,'Roger Pathon',10,942,942,NULL),
 (2894,'Amerikai Toreadorok',10,944,943,NULL),
 (2895,'Ionna',10,945,945,NULL),
 (2896,'Egyiptomi Toreadorok',10,949,946,NULL),
 (2897,'Samuel atya',10,950,950,NULL),
 (2898,'Dominic Atter',10,951,951,NULL),
 (2899,'Jean-Marc d''Harfleur',10,954,952,NULL),
 (2900,'Enrico Arvador',10,955,955,NULL),
 (2901,'Portugál Toreadorok',10,956,956,NULL),
 (2902,'Dona Lupa Manrique',10,962,957,NULL),
 (2903,'Német Toreadorok',10,963,963,NULL),
 (2904,'Olasz Toreadorok',10,964,964,NULL),
 (2905,'Bázeli Günther',10,965,965,NULL),
 (2906,'Skandináv Toreadorok',10,966,966,NULL),
 (2907,'Hausen',10,967,967,NULL),
 (2908,'Belga Toreadorok',10,969,968,NULL),
 (2909,'d''Adhemar grófn?',10,970,970,NULL),
 (2910,'Margaret d''Hautmont',10,972,971,NULL),
 (2911,'Michael Unther',10,973,973,NULL),
 (2912,'Victor Girard',10,986,974,NULL),
 (2913,'Mirablis',10,987,987,NULL),
 (2914,'Bourdona',10,990,988,NULL),
 (2915,'Ernst Ferdinand von Herberstein',10,992,991,NULL),
 (2916,'Ardan Lane',10,994,993,NULL),
 (2917,'Gabrielle di Righetti',10,995,995,NULL),
 (2918,'Augustine d''Erlette',10,996,996,NULL),
 (2919,'Orpheus',10,997,997,NULL),
 (2920,'Abigail',10,998,998,NULL),
 (2921,'Ala',10,999,999,NULL),
 (2922,'Peter Schloss',10,1000,1000,NULL),
 (2923,'Maria Haige',10,1001,1001,NULL),
 (2924,'Astio Giavetti',10,1003,1002,NULL),
 (2925,'Paul Cordwood, a Kém',10,1004,1004,NULL),
 (2926,'Brunavog',10,1005,1005,NULL),
 (2927,'Valerius Maior',10,1006,1006,NULL),
 (2928,'Jervais',10,1007,1007,NULL),
 (2929,'Fekete Jázmin',10,1009,1008,NULL),
 (2930,'Itera',10,1010,1010,NULL),
 (2931,'Therimna, a Hóhér',10,1013,1011,NULL),
 (2932,'Johann Kaspar',10,1015,1014,NULL),
 (2933,'Simon Augustyn',10,1016,1016,NULL),
 (2934,'Kathleen',10,1017,1017,NULL),
 (2935,'Johann Klöpfer',10,1018,1018,NULL),
 (2936,'Jean Baptiste Morin',10,1020,1019,NULL),
 (2937,'Abraham Powell',10,1021,1021,NULL),
 (2938,'Mendel',10,1022,1022,NULL),
 (2939,'Ignatus',10,1023,1023,NULL),
 (2940,'Mesita',10,1024,1024,NULL),
 (2941,'Fanchon d''Aquitane',10,1025,1025,NULL),
 (2942,'Arnod',10,1027,1026,NULL),
 (2943,'Nicolai Antonescu',10,1032,1028,NULL),
 (2944,'Lille Haake',10,1034,1033,NULL),
 (2945,'Oliver Thrace',10,1036,1035,NULL),
 (2946,'Victorio Feroza',10,1037,1037,NULL),
 (2947,'Terrell Harding',10,1041,1038,NULL),
 (2948,'Athosides',10,1042,1042,NULL),
 (2949,'Edward Sinclair',10,1043,1043,NULL),
 (2950,'Gerhard Kapen',10,1044,1044,NULL),
 (2951,'Maxwell Ldescu',10,0,1045,2432),
 (2952,'Abdul Rahman',12,5,5,NULL),
 (2953,'Török Ventruek',12,6,6,NULL),
 (2954,'Egyiptomi Ventruek',12,7,7,NULL),
 (2955,'Angol Ventruek',12,12,8,NULL),
 (2956,'Kelta Ventruek',12,13,13,NULL),
 (2957,'Tabitha Bauer',12,16,14,NULL),
 (2958,'Francia Ventruek',12,17,17,NULL),
 (2959,'Német Ventruek',12,18,18,NULL),
 (2960,'Angol Ventruek',12,20,19,NULL),
 (2961,'Dominique',12,22,21,NULL),
 (2962,'Spanyol Ventruek',12,23,23,NULL),
 (2963,'Province-i Leucruy',12,24,24,NULL),
 (2964,'Marseilles-i Vicelin',12,34,25,NULL),
 (2965,'Skót Ventruek',12,35,35,NULL),
 (2966,'Kyle Strathcona',12,36,36,NULL),
 (2967,'Deutsch Ábrahám',12,37,37,NULL),
 (2968,'Portugál Ventruek',12,38,38,NULL),
 (2969,'Gyarmati Ventruek',12,42,39,NULL),
 (2970,'Holland Ventruek',12,45,43,NULL),
 (2971,'Angol Ventruek',12,46,46,NULL),
 (2972,'Egyiptomi Ventruek',12,48,47,NULL),
 (2973,'Petronilla',12,50,49,NULL),
 (2974,'Árpádházi IV. Kun László',12,53,51,NULL),
 (2975,'Albrecht Tivadar',12,54,54,NULL),
 (2976,'Keresztes Ventruek',12,55,55,NULL),
 (2977,'Juan-Miguel Ramirez',12,56,56,NULL),
 (2978,'Német Ventruek',12,57,57,NULL),
 (2979,'Amerikai Ventruek',12,59,58,NULL),
 (2980,'Thesszaloniki Basil',12,62,60,NULL),
 (2981,'Irene Stellas',12,68,63,NULL),
 (2982,'Holland Ventruek',12,69,69,NULL),
 (2983,'Benedict',12,70,70,NULL),
 (2984,'Francia Ventruek',12,0,71,NULL),
 (2985,'Francia Ventruek',12,72,72,NULL),
 (2986,'Nikolai',12,75,73,NULL),
 (2987,'Balti Ventruek',12,76,76,NULL),
 (2988,'Angol Ventruek',12,78,77,NULL),
 (2989,'Enguerrand',12,79,79,NULL),
 (2990,'Ogier Fouinon',12,81,80,NULL),
 (2991,'Angol Ventruek',12,89,82,NULL),
 (2992,'Hrothulf',12,92,90,NULL),
 (2993,'Gracis Nostinus',12,93,93,NULL),
 (2994,'Anne Bowsley',12,95,94,NULL),
 (2995,'Cyril Masters',12,96,96,NULL),
 (2996,'Olasz Ventruek',12,97,97,NULL),
 (2997,'Amerikai Ventruek',12,99,98,NULL),
 (2998,'Német Ventruek',12,0,100,NULL),
 (2999,'Német Ventruek',12,101,101,NULL),
 (3000,'Angol Ventruek',12,0,102,NULL),
 (3001,'Angol Ventruek',12,103,103,NULL),
 (3002,'Yong-Sung Chang',12,106,104,NULL),
 (3003,'Perzsa Ventruek',12,107,107,NULL),
 (3004,'Görög Ventruek',12,114,108,NULL),
 (3005,'Amerikai Ventruek',12,115,115,NULL),
 (3006,'Levente',12,117,116,NULL),
 (3007,'Váry El?d (Gustavus)',12,120,118,NULL),
 (3008,'gróf Rudolf Brandl',12,121,121,NULL),
 (3009,'Cseh Ventruek',12,122,122,NULL),
 (3010,'Alexandr Sre?ik',12,126,123,NULL),
 (3011,'gróf Mailáth Gergely',12,128,127,NULL),
 (3012,'gróf Mailáth Erzsébet Anna',12,129,129,NULL),
 (3013,'gróf Grecsey Jen?',12,130,130,NULL),
 (3014,'Istvánffy Márton',12,131,131,NULL),
 (3015,'gróf Nádasdy László',12,137,132,NULL),
 (3016,'Benjamin',12,139,138,NULL),
 (3017,'Henriette',12,140,140,NULL),
 (3018,'Német Ventruek',12,0,141,NULL),
 (3019,'Német Ventruek',12,142,142,NULL),
 (3020,'Francia Ventruek',12,143,143,NULL),
 (3021,'Német Ventruek',12,0,144,NULL),
 (3022,'Német Ventruek',12,145,145,NULL),
 (3023,'Amerikai Ventruek',12,0,146,NULL),
 (3024,'Amerikai Ventruek',12,150,149,NULL),
 (3025,'Tennant Usher',12,154,151,NULL),
 (3026,'Skandináv Ventruek',12,155,155,NULL),
 (3027,'Amerikai Ventruek',12,156,156,NULL),
 (3028,'Horatio Ballard',12,157,157,NULL),
 (3029,'Pazia',12,158,158,NULL),
 (3030,'Neberoth',12,159,159,NULL),
 (3031,'Philipus-i Althea',12,161,160,NULL),
 (3032,'Esharel',12,165,162,NULL),
 (3033,'Keresztes Salubrik',12,170,166,NULL),
 (3034,'Aisha bint Wahiba',12,171,171,NULL),
 (3035,'Török Salubrik ("Látnok" vérvonal)',12,173,172,NULL),
 (3036,'Német Salubrik',12,174,174,NULL),
 (3037,'Marius',12,176,175,NULL),
 (3038,'Al-Harim',12,177,177,NULL),
 (3039,'Don Benedict',12,178,178,NULL),
 (3040,'Domingo',12,181,179,NULL),
 (3041,'Sargon',12,182,182,NULL),
 (3042,'Elihu',12,190,183,NULL),
 (3043,'Görög Salubrik',12,191,191,NULL),
 (3044,'Perzsa Salubrik',12,194,192,NULL),
 (3045,'Agaitas',12,196,195,NULL),
 (3046,'Anisa Marianna Lopez',12,201,197,NULL),
 (3047,'Jervais testvér',12,208,202,NULL),
 (3048,'Karibi Samedik',12,210,209,NULL),
 (3049,'Brigitte',12,212,211,NULL),
 (3050,'George Frederick',12,215,213,NULL),
 (3051,'Khayrat',12,218,216,NULL),
 (3052,'Keresztes Kappadókok',12,221,219,NULL),
 (3053,'Giorgio Giovanni',12,224,222,NULL),
 (3054,'Vance Rosellini',12,225,225,NULL),
 (3055,'Rosaura Rosellini',12,226,226,NULL),
 (3056,'Luisa Calabria',12,228,227,NULL),
 (3057,'Afrikai Ghibertik',12,229,229,NULL),
 (3058,'Isabel Giovanni',12,230,230,NULL),
 (3059,'Giancarlo Giovanni',12,231,231,NULL),
 (3060,'Rafael Giovanni',12,232,232,NULL),
 (3061,'Francesco Giovanni',12,236,233,NULL),
 (3062,'Török Giovannik',12,237,237,NULL),
 (3063,'Andreas Giovanni',12,239,238,NULL),
 (3064,'John Dunshirn',12,240,240,NULL),
 (3065,'Közép-Amerikai Pisanobok',12,241,241,NULL),
 (3066,'Maris Streck',12,242,242,NULL),
 (3067,'Dr. Nancy Reage',12,243,243,NULL),
 (3068,'Angol Malkaviták',12,244,244,NULL),
 (3069,'Madame La Veel',12,245,245,NULL),
 (3070,'Tobin van Tuys',12,246,246,NULL),
 (3071,'Holland Malkaviták',12,247,247,NULL),
 (3072,'Amerikai Malkaviták',12,250,248,NULL),
 (3073,'Francia Malkaviták',12,251,251,NULL),
 (3074,'Spanyol Malkaviták',12,252,252,NULL),
 (3075,'Rufino Olevarez',12,255,253,NULL),
 (3076,'Holland Malkaviták',12,256,256,NULL),
 (3077,'Konrad',12,264,257,NULL),
 (3078,'Roger Greene',12,265,265,NULL),
 (3079,'Nathan Skarvan',12,266,266,NULL),
 (3080,'Amerikai Malkaviták',12,269,267,NULL),
 (3081,'Uriah Travers',12,274,270,NULL),
 (3082,'Alessio Rinaldi',12,276,275,NULL),
 (3083,'Charity Caize',12,280,277,NULL),
 (3084,'Adorjai',12,283,281,NULL),
 (3085,'Alam',12,284,284,NULL),
 (3086,'Hassan abu Khalid',12,292,285,NULL),
 (3087,'Bronwyn',12,294,293,NULL),
 (3088,'Skót Malkaviták',12,295,295,NULL),
 (3089,'Jason Newberry',12,297,296,NULL),
 (3090,'Paula Smith',12,298,298,NULL),
 (3091,'Ben Smith',12,300,299,NULL),
 (3092,'Henry Jeckyll / Edward Hyde',12,311,301,NULL),
 (3093,'Arnold',12,317,312,NULL),
 (3094,'Görög Malkaviták',12,319,318,NULL),
 (3095,'Dimitri',12,322,320,NULL),
 (3096,'Orosz Malkaviták',12,0,323,NULL),
 (3097,'Orosz Malkaviták',12,327,324,NULL),
 (3098,'Olaf Petersen',12,328,328,NULL),
 (3099,'Skandináv Malkaviták',12,0,329,NULL),
 (3100,'Skandináv Malkaviták',12,333,330,NULL),
 (3101,'Theresa Schlaud',12,336,334,NULL),
 (3102,'Agaricus',12,344,337,NULL),
 (3103,'Spanyol Brujahk',12,345,345,NULL),
 (3104,'Amerikai Brujahk',12,346,346,NULL),
 (3105,'Német Brujahk',12,347,347,NULL),
 (3106,'Jaroslav Pascek',12,348,348,NULL),
 (3107,'Német Brujahk',12,349,349,NULL),
 (3108,'Lengyel Brujahk',12,350,350,NULL),
 (3109,'Lladislas',12,351,351,NULL),
 (3110,'Ian Corso',12,352,352,NULL),
 (3111,'Friedrich Kraus',12,353,353,NULL),
 (3112,'Német Brujahk',12,354,354,NULL),
 (3113,'Edward, a Fekete Herceg',12,358,355,NULL),
 (3114,'Boniface',12,359,359,NULL),
 (3115,'Véronique d''Orléans',12,361,360,NULL),
 (3116,'Alexis Blanc',12,364,362,NULL),
 (3117,'Francia Brujahk',12,365,365,NULL),
 (3118,'Corrie Tinbergen',12,366,366,NULL),
 (3119,'Marcel de Breau',12,369,367,NULL),
 (3120,'Olasz Brujahk',12,370,370,NULL),
 (3121,'Leslie Taylor',12,371,371,NULL),
 (3122,'Angol Brujahk',12,372,372,NULL),
 (3123,'Elekes',12,373,373,NULL),
 (3124,'Botond',12,383,374,NULL),
 (3125,'Robin Leeland',12,390,384,NULL),
 (3126,'James, a Vörös',12,394,391,NULL),
 (3127,'Verias',12,396,395,NULL),
 (3128,'George Robinson',12,397,397,NULL),
 (3129,'Irokéz Brujahk',12,399,398,NULL),
 (3130,'Spanyol Brujahk',12,400,400,NULL),
 (3131,'Simon de Cosa',12,405,401,NULL),
 (3132,'Santiago de Soto',12,406,406,NULL),
 (3133,'Dieter Kotlar',12,409,407,NULL),
 (3134,'Amerikai Brujahk',12,411,410,NULL),
 (3135,'Skandináv Brujahk',12,412,412,NULL),
 (3136,'Amerikai Brujahk',12,413,413,NULL),
 (3137,'Andrei',12,414,414,NULL),
 (3138,'Villásszakállú Halfdan',12,415,415,NULL),
 (3139,'Stefan Rutigar',12,416,416,NULL),
 (3140,'Olasz Brujahk',12,417,417,NULL),
 (3141,'Thomas Tallner',12,418,418,NULL),
 (3142,'Bruno Greshwit',12,419,419,NULL),
 (3143,'Andrea Fiorentina',12,420,420,NULL),
 (3144,'Montfrey de Lyonnesse',12,421,421,NULL),
 (3145,'Gavriel de Bougniac',12,422,422,NULL),
 (3146,'Keresztes Brujahk',12,423,423,NULL),
 (3147,'Francia Brujahk',12,427,424,NULL),
 (3148,'Khentik-Khert',12,428,428,NULL),
 (3149,'Roman Pendragon',12,431,429,NULL),
 (3150,'Theophilus',12,432,432,NULL),
 (3151,'Dorotheus',12,433,433,NULL),
 (3152,'Marhel',12,439,434,NULL),
 (3153,'Dmitra Iljanova',12,442,440,NULL),
 (3154,'Natalja Szvjatoszlava',12,445,443,NULL),
 (3155,'Bizánci Brujahk',12,446,446,NULL),
 (3156,'Lilika Kairos',12,448,447,NULL),
 (3157,'Olasz Brujahk',12,0,449,NULL),
 (3158,'Olasz Brujahk',12,450,450,NULL),
 (3159,'Antonio Barbaretti',12,451,451,NULL),
 (3160,'Gerushah',12,452,452,NULL),
 (3161,'Yusuf',12,453,453,NULL),
 (3162,'Jared',12,454,454,NULL),
 (3163,'Usama',12,457,455,NULL),
 (3164,'Török Brujahk',12,460,458,NULL),
 (3165,'Tomas Dursan',12,462,461,NULL),
 (3166,'Mustapha abd-Fiil',12,463,463,NULL),
 (3167,'Sukainah',12,464,464,NULL),
 (3168,'Dimitri Borodin',12,465,465,NULL),
 (3169,'Kasparas Sikhorsky',12,466,466,NULL),
 (3170,'Fikriyya al-Jurr',12,467,467,NULL),
 (3171,'Karim',12,471,468,NULL),
 (3172,'Hazrad Aqim Alaq',12,472,472,NULL),
 (3173,'Kurush Ishraqi',12,475,473,NULL),
 (3174,'Jayakar Dristi Boparai',12,476,476,NULL),
 (3175,'Parmenides',12,480,477,NULL),
 (3176,'Hafsa',12,481,481,NULL),
 (3177,'Aurora White',12,484,482,NULL),
 (3178,'Michael diCarlo',12,485,485,NULL),
 (3179,'Djuhah',12,486,486,NULL),
 (3180,'Anastasius, a Fejsze',12,489,487,NULL),
 (3181,'Enrique Salazar',12,490,490,NULL),
 (3182,'Rashid ibn Musafir',12,491,491,NULL),
 (3183,'Ma''aruf',12,493,492,NULL),
 (3184,'Husayn al Fatin',12,503,494,NULL),
 (3185,'Bard',12,504,504,NULL),
 (3186,'Török Lasombrák',12,507,505,NULL),
 (3187,'Spanyol Lasombrák',12,508,508,NULL),
 (3188,'Mexikói Lasombrák',12,509,509,NULL),
 (3189,'Laitn-Amerikai Lasombrák',12,510,510,NULL),
 (3190,'Amerikai Lasombrák',12,512,511,NULL),
 (3191,'Listeta Iluminada',12,513,513,NULL),
 (3192,'Armando Mendes',12,514,514,NULL),
 (3193,'Carolina Valez',12,515,515,NULL),
 (3194,'Spanyol Lasombrák',12,516,516,NULL),
 (3195,'Tarantine',12,518,517,NULL),
 (3196,'Arab Lasombrák',12,519,519,NULL),
 (3197,'Spanyol Lasombrák',12,520,520,NULL),
 (3198,'Hendrick Van Dyck',12,521,521,NULL),
 (3199,'Spanyol Lasombrák',12,526,522,NULL),
 (3200,'Mania',12,536,527,NULL),
 (3201,'Latin-Amerikai Lasombrák',12,537,537,NULL),
 (3202,'Közép-Amerikai Lasombrák',12,541,538,NULL),
 (3203,'Genovai Gabrielle',12,542,542,NULL),
 (3204,'Berengári Felice',12,543,543,NULL),
 (3205,'Desiree Traville',12,544,544,NULL),
 (3206,'Balkáni Lasombrák',12,549,545,NULL),
 (3207,'Német Lasombrák',12,0,550,NULL),
 (3208,'Német Lasombrák',12,552,551,NULL),
 (3209,'Angol Lasombrák',12,558,553,NULL),
 (3210,'Római Lasombrák',12,560,559,NULL),
 (3211,'Paliuro Rustucci',12,563,561,NULL),
 (3212,'Olasz Lasombrák',12,564,564,NULL),
 (3213,'Anicius',12,565,565,NULL),
 (3214,'Panfilo, a Kegyetlen',12,566,566,NULL),
 (3215,'Giangaleazzo',12,567,567,NULL),
 (3216,'Olasz Lasombrák',12,568,568,NULL),
 (3217,'Montrovant',12,570,569,NULL),
 (3218,'Cythia Black',12,572,571,NULL),
 (3219,'Bizánci Lasombrák',12,573,573,NULL),
 (3220,'Ectoris',12,575,574,NULL),
 (3221,'Parrichus',12,576,576,NULL),
 (3222,'Velencei Alfonzo',12,578,577,NULL),
 (3223,'Magdalena Castellucci Borcellino',12,581,579,NULL),
 (3224,'Ahrimánok',12,582,582,NULL),
 (3225,'Karen Anotos',12,585,583,NULL),
 (3226,'Al-Wali',12,586,586,NULL),
 (3227,'Wah''Sheen',12,588,587,NULL),
 (3228,'Keresztes Gangrelek',12,594,589,NULL),
 (3229,'Marc testvér',12,595,595,NULL),
 (3230,'Burgundi Agatha',12,596,596,NULL),
 (3231,'Francia Gangrelek',12,603,597,NULL),
 (3232,'Lengyel Gangrelek',12,604,604,NULL),
 (3233,'Cseh Gangrelek',12,605,605,NULL),
 (3234,'Szörtsey Aurél',12,606,606,NULL),
 (3235,'Thomas Müller',12,608,607,NULL),
 (3236,'Wulfar',12,609,609,NULL),
 (3237,'Erdélyi Gangrelek',12,613,610,NULL),
 (3238,'Kürthy István',12,617,614,NULL),
 (3239,'Márffy Lajos',12,618,618,NULL),
 (3240,'Amerikai Gangrelek',12,619,619,NULL),
 (3241,'Harry Reese',12,626,620,NULL),
 (3242,'Fenrir',12,629,627,NULL),
 (3243,'Skandináv Gangrelek',12,0,630,NULL),
 (3244,'Skandináv Gangrelek',12,631,631,NULL),
 (3245,'Amerikai Gangrelek',12,632,632,NULL),
 (3246,'Pierre Beauvais',12,634,633,NULL),
 (3247,'Heina, a Banya',12,636,635,NULL),
 (3248,'Daryl Lutz',12,637,637,NULL),
 (3249,'Német Gangrelek',12,638,638,NULL),
 (3250,'Amerikai Gangrelek',12,639,639,NULL),
 (3251,'Henri',12,641,640,NULL),
 (3252,'Illyana',12,642,642,NULL),
 (3253,'Tenyana, az Árny',12,643,643,NULL),
 (3254,'Tatiana',12,647,644,NULL),
 (3255,'Angol Gangrelek',12,648,648,NULL),
 (3256,'Francia Gangrelek',12,649,649,NULL),
 (3257,'Alicia McGreb',12,650,650,NULL),
 (3258,'Janey Pickman',12,651,651,NULL),
 (3259,'Normann Gangrelek',12,652,652,NULL),
 (3260,'Francia Gangrelek',12,656,653,NULL),
 (3261,'Ramrod / Randy Zelley',12,666,657,NULL),
 (3262,'Verpus',12,667,667,NULL),
 (3263,'Sebastian Goulet',12,669,668,NULL),
 (3264,'Rachel',12,670,670,NULL),
 (3265,'Bizánci Gangrelek',12,679,671,NULL),
 (3266,'Joaquim',12,685,680,NULL),
 (3267,'Anthius',12,687,686,NULL),
 (3268,'Lauren Duncan',12,696,688,NULL),
 (3269,'Lucian',12,698,697,NULL),
 (3270,'Spanyol Gangrelek',12,701,699,NULL),
 (3271,'Rosa Hernandez',12,703,702,NULL),
 (3272,'Kristana',12,707,704,NULL),
 (3273,'Qarakh',12,718,708,NULL),
 (3274,'Német Nosferatuk',12,719,719,NULL),
 (3275,'Francia Nosferatuk',12,720,720,NULL),
 (3276,'Nathaniel Bordruff',12,721,721,NULL),
 (3277,'Francia Nosferatuk',12,0,722,NULL),
 (3278,'Francia Nosferatuk',12,723,723,NULL),
 (3279,'Gustaphe Brunnelle',12,724,724,NULL),
 (3280,'Olasz Nosferatuk',12,725,725,NULL),
 (3281,'Norah',12,728,726,NULL),
 (3282,'Amerikai Nosferatuk',12,730,729,NULL),
 (3283,'Spanyol Nosferatuk',12,731,731,NULL),
 (3284,'Madridi Armando',12,732,732,NULL),
 (3285,'Spanyol Nosferatuk',12,733,733,NULL),
 (3286,'Mexikói Nosferatuk',12,734,734,NULL),
 (3287,'Jose Maria Furio',12,736,735,NULL),
 (3288,'Dél-Amerikai Nosferatuk',12,737,737,NULL),
 (3289,'Amerikai Nosferatuk',12,739,738,NULL),
 (3290,'Cseh Nosferatuk',12,740,740,NULL),
 (3291,'Vaclav Petalengro',12,741,741,NULL),
 (3292,'Amerikai Nosferatuk',12,742,742,NULL),
 (3293,'Lengyel Nosferatuk',12,743,743,NULL),
 (3294,'Philistine',12,744,744,NULL),
 (3295,'Tomlynn Sinclair',12,745,745,NULL),
 (3296,'Clive Cooper',12,746,746,NULL),
 (3297,'Cranston',12,747,747,NULL),
 (3298,'Nathan-Arlen',12,753,748,NULL),
 (3299,'Jara Drory',12,754,754,NULL),
 (3300,'Amerikai Nosferatuk',12,756,755,NULL),
 (3301,'Gaius Orsini',12,759,757,NULL),
 (3302,'Kánaánita Nosferatuk',12,760,760,NULL),
 (3303,'Hannah',12,763,761,NULL),
 (3304,'Echo',12,767,764,NULL),
 (3305,'Xerxes',12,769,768,NULL),
 (3306,'Oliver, a Fekete',12,770,770,NULL),
 (3307,'Colchester',12,771,771,NULL),
 (3308,'Schreck',12,773,772,NULL),
 (3309,'Skandináv Nosferatuk',12,774,774,NULL),
 (3310,'Osric',12,775,775,NULL),
 (3311,'Kelta Nosferatuk',12,776,776,NULL),
 (3312,'Skót Nosferatuk',12,777,777,NULL),
 (3313,'Wid',12,779,778,NULL),
 (3314,'Moussa',12,782,780,NULL),
 (3315,'Asszír Nosferatuk',12,783,783,NULL),
 (3316,'Samsi',12,788,784,NULL),
 (3317,'A Hármak',12,790,789,NULL),
 (3318,'Thelonius',12,792,791,NULL),
 (3319,'Darvlanov',12,793,793,NULL),
 (3320,'Szergej',12,794,794,NULL),
 (3321,'Orosz Nosferatuk',12,795,795,NULL),
 (3322,'Cseh Nosferatuk',12,799,796,NULL),
 (3323,'Albreich',12,800,800,NULL),
 (3324,'Janus Pannonius',12,802,801,NULL),
 (3325,'Marusca',12,804,803,NULL),
 (3326,'Annabel',12,805,805,NULL),
 (3327,'Lengyel Nosferatuk',12,809,806,NULL),
 (3328,'Augustin',12,812,810,NULL),
 (3329,'Földmélyi Herceg',12,813,813,NULL),
 (3330,'Donatello',12,817,814,NULL),
 (3331,'Lawrence Meeks',12,820,818,NULL),
 (3332,'Dowager',12,821,821,NULL),
 (3333,'Kurt Densch',12,831,822,NULL),
 (3334,'Alyana',12,836,832,NULL),
 (3335,'Karol Wyel',12,840,837,NULL),
 (3336,'Vaszilij Petrovics Dragan',12,845,841,NULL),
 (3337,'Magyar Toreadorok',12,846,846,NULL),
 (3338,'Széphalmi András',12,847,847,NULL),
 (3339,'Temesváry Júlia',12,848,848,NULL),
 (3340,'Sevacora',12,849,849,NULL),
 (3341,'Antonio Vincenzo Gabretti',12,850,850,NULL),
 (3342,'Audric St. Thierry',12,851,851,NULL),
 (3343,'Ambrose Bierce',12,853,852,NULL),
 (3344,'Olasz Toreadorok',12,856,854,NULL),
 (3345,'Gallasyn',12,857,857,NULL),
 (3346,'Suzanne Kadim',12,859,858,NULL),
 (3347,'Francia Toreadorok',12,862,860,NULL),
 (3348,'Balkáni Toreadorok',12,863,863,NULL),
 (3349,'Latin-Amerikai Toreadorok',12,873,864,NULL),
 (3350,'d''Eglantine lovag',12,874,874,NULL),
 (3351,'Jean Florent',12,877,875,NULL),
 (3352,'Jacques d''Chivaries',12,878,878,NULL),
 (3353,'Jacques',12,882,879,NULL),
 (3354,'Lorena',12,883,883,NULL),
 (3355,'Arianne',12,884,884,NULL),
 (3356,'Accou',12,887,885,NULL),
 (3357,'Elsa Linden',12,888,888,NULL),
 (3358,'Modius',12,890,889,NULL),
 (3359,'Tarmonay',12,892,891,NULL),
 (3360,'Sharon Payne',12,893,893,NULL),
 (3361,'Sophia Ayes',12,894,894,NULL),
 (3362,'Bret Stryker',12,896,895,NULL),
 (3363,'Deacon',12,897,897,NULL),
 (3364,'Montacalme',12,898,898,NULL),
 (3365,'Juliette Dulai',12,900,899,NULL),
 (3366,'Rati',12,901,901,NULL),
 (3367,'Olasz Toreadorok',12,902,902,NULL),
 (3368,'Andrea Foscari',12,906,903,NULL),
 (3369,'Shamit ibn Yasi',12,907,907,NULL),
 (3370,'Sakan',12,913,908,NULL),
 (3371,'Natasha',12,914,914,NULL),
 (3372,'Angol Toreadorok',12,915,915,NULL),
 (3373,'William Grey',12,916,916,NULL),
 (3374,'Vitoria Ash',12,917,917,NULL),
 (3375,'Francia Toreadorok',12,930,918,NULL),
 (3376,'Leslie Boothe',12,931,931,NULL),
 (3377,'Karen Nauve',12,932,932,NULL),
 (3378,'Marlene',12,936,933,NULL),
 (3379,'Lyndsay Anwer',12,937,937,NULL),
 (3380,'Samuel Travis',12,941,938,NULL),
 (3381,'Bethany',12,951,942,NULL),
 (3382,'Francia Toreadorok',12,952,952,NULL),
 (3383,'Lyon-i Fülöp',12,956,953,NULL),
 (3384,'Spanyol Toreadorok',12,957,957,NULL),
 (3385,'Silvia Zaver',12,964,958,NULL),
 (3386,'Jäger',12,966,965,NULL),
 (3387,'Lucina',12,969,967,NULL),
 (3388,'Francia Toreadorok',12,970,970,NULL),
 (3389,'Sebastian Sands',12,971,971,NULL),
 (3390,'Vidal Jarbeaux',12,972,972,NULL),
 (3391,'Kanadai Toreadorok',12,986,973,NULL),
 (3392,'Donal',12,987,987,NULL),
 (3393,'Randeux',12,989,988,NULL),
 (3394,'Carna',12,990,990,NULL),
 (3395,'Alexander Kremer',12,991,991,NULL),
 (3396,'Elise von Savoyen',12,992,992,NULL),
 (3397,'Claas Drescher',12,993,993,NULL),
 (3398,'Kerjén Pelbárt',12,994,994,NULL),
 (3399,'Jacques le Quarte',12,995,995,NULL),
 (3400,'Alix de Chantraine',12,996,996,NULL),
 (3401,'Friderich von Mannstein',12,997,997,NULL),
 (3402,'Hannah',12,998,998,NULL),
 (3403,'Mishka',12,1000,999,NULL),
 (3404,'Zachariah Slane',12,1001,1001,NULL),
 (3405,'Antonio Calbullarshi',12,1003,1002,NULL),
 (3406,'Hargau',12,1004,1004,NULL),
 (3407,'Vristania, az Anya',12,1006,1005,NULL),
 (3408,'Baladin',12,1007,1007,NULL),
 (3409,'Saiz',12,1008,1008,NULL),
 (3410,'Nicholai',12,1010,1009,NULL),
 (3411,'Locus',12,1011,1011,NULL),
 (3412,'Harold Jagen',12,1012,1012,NULL),
 (3413,'Roman',12,1013,1013,NULL),
 (3414,'John Reiss',12,1014,1014,NULL),
 (3415,'Jacob',12,1015,1015,NULL),
 (3416,'Peter Dorfman',12,1016,1016,NULL),
 (3417,'Aspheron',12,1018,1017,NULL),
 (3418,'Mahalia Romano',12,1022,1019,NULL),
 (3419,'Andre Mallotte',12,1023,1023,NULL),
 (3420,'Dr. Mortius',12,1024,1024,NULL),
 (3421,'Marius Drake',12,1025,1025,NULL),
 (3422,'Johanna von Neumann',12,1027,1026,NULL),
 (3423,'Tracy Graves',12,1028,1028,NULL),
 (3424,'Jakob Böhme',12,1029,1029,NULL),
 (3425,'Abraham DuSable',12,1032,1030,NULL),
 (3426,'Aidan Lyle',12,1034,1033,NULL),
 (3427,'Wan Hzu',12,1036,1035,NULL),
 (3428,'Wilhelm von Stammler',12,1037,1037,NULL),
 (3429,'Sean Reynolds',12,1038,1038,NULL),
 (3430,'Madelaine Coventry',12,1039,1039,NULL),
 (3431,'Jack Weston',12,1042,1040,NULL),
 (3432,'Cyrano',12,1043,1043,NULL),
 (3433,'Ian Carfax',12,1044,1044,NULL),
 (3434,'Julia Sanderson',12,1045,1045,NULL),
 (3435,'Heinrich Himmler',12,0,1046,NULL),
 (3436,'Shayke Muhammad',14,23,5,NULL),
 (3437,'Keresztes Ventruek',14,0,24,NULL),
 (3438,'Keresztes Ventruek',14,35,25,NULL),
 (3439,'Kanadia Ventruek',14,36,36,NULL),
 (3440,'Deutsch-Hatvany Janka',14,48,37,NULL),
 (3441,'Temesvári János',14,49,49,NULL),
 (3442,'Szabina',14,50,50,NULL),
 (3443,'Tomori Pál',14,52,51,NULL),
 (3444,'báró Aba Tamás',14,53,53,NULL),
 (3445,'Szendi-Literáti Anna',14,55,54,NULL),
 (3446,'Spanyol Ventruek',14,59,56,NULL),
 (3447,'Bizánci Ventruek',14,60,60,NULL),
 (3448,'Balkáni Ventruek',14,62,61,NULL),
 (3449,'Damiano Alvizio',14,63,63,NULL),
 (3450,'Bizánci Ventruek',14,69,64,NULL),
 (3451,'Amerikai Ventruek',14,72,70,NULL),
 (3452,'Orosz Ventruek',14,73,73,NULL),
 (3453,'Piotr',14,79,74,NULL),
 (3454,'Francia Ventruek',14,89,80,NULL),
 (3455,'Chiclena',14,90,90,NULL),
 (3456,'Skandináv Ventruek',14,91,91,NULL),
 (3457,'Amerikai Ventruek',14,93,92,NULL),
 (3458,'Angol Ventruek',14,94,94,NULL),
 (3459,'Amerikai Ventruek',14,95,95,NULL),
 (3460,'Angol Ventruek',14,103,96,NULL),
 (3461,'Hong Kong-i Ventruek',14,115,104,NULL),
 (3462,'Szilágyi Mihály',14,116,116,NULL),
 (3463,'gróf Pálffy Aurél Zoltán',14,117,117,NULL),
 (3464,'Váry Alexander',14,120,118,NULL),
 (3465,'Cseh Ventruek',14,122,121,NULL),
 (3466,'Késmárky Zsófia',14,123,123,NULL),
 (3467,'Hanna Marek',14,124,124,NULL),
 (3468,'Lukas Ziman',14,125,125,NULL),
 (3469,'Emilia Clark',14,126,126,NULL),
 (3470,'gróf Pallavichini Endre',14,127,127,NULL),
 (3471,'gróf Teleki Alíz',14,128,128,NULL),
 (3472,'báró Jaksich Gábor',14,131,129,NULL),
 (3473,'Izabella',14,132,132,NULL),
 (3474,'Klauzál Gábor',14,133,133,NULL),
 (3475,'Solymossy Eliza',14,139,134,NULL),
 (3476,'Német Ventruek',14,150,140,NULL),
 (3477,'Ausztráliai Ventruek',14,156,151,NULL),
 (3478,'Alan Sovereign',14,157,157,NULL),
 (3479,'Bizánci Salubrik',14,158,158,NULL),
 (3480,'Adonai',14,159,159,NULL),
 (3481,'Yael',14,161,160,NULL),
 (3482,'Bahjat',14,170,162,NULL),
 (3483,'Arab Salubrik',14,174,171,NULL),
 (3484,'Angol Salubrik',14,176,175,NULL),
 (3485,'Ansen',14,194,177,NULL),
 (3486,'Kis-Ázsiai Kappadókok',14,195,195,NULL),
 (3487,'Római Kappadókok',14,196,196,NULL),
 (3488,'Spanyol Kappadókok',14,197,197,NULL),
 (3489,'Német Kappadókok',14,201,198,NULL),
 (3490,'Garinol',14,210,202,NULL),
 (3491,'Mexikói Samedik',14,212,211,NULL),
 (3492,'Lithrac',14,215,213,NULL),
 (3493,'Ishaq',14,221,216,NULL),
 (3494,'Carmina Giovanni',14,223,222,NULL),
 (3495,'Genevra Giovanni',14,224,224,NULL),
 (3496,'Olasz Rosellinik',14,0,225,NULL),
 (3497,'Olasz Rosellinik',14,226,226,NULL),
 (3498,'Olasz Giovannik',14,227,227,NULL),
 (3499,'Latin-Amerikai Hidalgok',14,230,228,NULL),
 (3500,'Enzo Giovanni',14,231,231,NULL),
 (3501,'Francia Giovannik',14,232,232,NULL),
 (3502,'Julietta Putanesca',14,234,233,NULL),
 (3503,'Lupo Giovanni',14,237,235,NULL),
 (3504,'Michael Antonio Giovanni',14,238,238,NULL),
 (3505,'Angol St. Johnok',14,239,239,NULL),
 (3506,'Skót Dunshirnok',14,244,240,NULL),
 (3507,'Adam',14,245,245,NULL),
 (3508,'Jason Priestly',14,252,246,NULL),
 (3509,'Emmanuel Moncrief',14,254,253,NULL),
 (3510,'Mexikói Malkaviták',14,265,255,NULL),
 (3511,'Quentin King III',14,274,266,NULL),
 (3512,'Olasz Malkaviták',14,280,275,NULL),
 (3513,'Jeannette d''Avignon',14,281,281,NULL),
 (3514,'Pierre l''Imbecile',14,284,282,NULL),
 (3515,'Al-Hakim',14,292,285,NULL),
 (3516,'Corbin',14,293,293,NULL),
 (3517,'Jeremy Johnes',14,295,294,NULL),
 (3518,'Evan Klein',14,296,296,NULL),
 (3519,'Lateland',14,300,297,NULL),
 (3520,'Német Malkaviták',14,301,301,NULL),
 (3521,'Herman Göring',14,302,302,NULL),
 (3522,'Oswald White',14,311,303,NULL),
 (3523,'Karáth Regina',14,312,312,NULL),
 (3524,'Ladányi Patrik',14,319,313,NULL),
 (3525,'Killikillarven',14,327,320,NULL),
 (3526,'Amerikai Malkaviták',14,333,328,NULL),
 (3527,'Heinrich Gotthard von Treitschke',14,336,334,NULL),
 (3528,'Ausztrál Malkaviták',14,347,337,NULL),
 (3529,'Lengyel Brujahk',14,350,348,NULL),
 (3530,'Magyar Brujahk',14,352,351,NULL),
 (3531,'Német Brujahk',14,354,353,NULL),
 (3532,'Skót Brujahk',14,355,355,NULL),
 (3533,'Akawa',14,358,356,NULL),
 (3534,'Francia Brujahk',14,0,359,NULL),
 (3535,'Francia Brujahk',14,360,360,NULL),
 (3536,'Macau-i Brujahk',14,361,361,NULL),
 (3537,'Holland Brujahk',14,362,362,NULL),
 (3538,'Thomas Ewell',14,365,363,NULL),
 (3539,'Luxemburgi Brujahk',14,366,366,NULL),
 (3540,'Francia Brujahk',14,367,367,NULL),
 (3541,'Kanadai Brujahk',14,368,368,NULL),
 (3542,'Jeremy Skelton',14,370,369,NULL),
 (3543,'Ausztrál Brujahk',14,373,371,NULL),
 (3544,'Magyar Brujahk',14,374,374,NULL),
 (3545,'Thúry György',14,382,375,NULL),
 (3546,'Havasi Zsolt',14,383,383,NULL),
 (3547,'Tyler, a Lázadó',14,386,384,NULL),
 (3548,'Geist',14,388,387,NULL),
 (3549,'Angol Brujahk',14,389,389,NULL),
 (3550,'General',14,390,390,NULL),
 (3551,'Skót Brujahk',14,391,391,NULL),
 (3552,'Angol Brujahk',14,392,392,NULL),
 (3553,'Jeremy MacNeil',14,394,393,NULL),
 (3554,'Lady Karin',14,395,395,NULL),
 (3555,'Lord Randall',14,396,396,NULL),
 (3556,'Hong Kong-i Brujahk',14,400,397,NULL),
 (3557,'Spanyol Brujahk',14,401,401,NULL),
 (3558,'Don Cerro',14,402,402,NULL),
 (3559,'Antonio Vardenas',14,403,403,NULL),
 (3560,'Mexikói Brujahk',14,404,404,NULL),
 (3561,'Amerikai Brujahk',14,405,405,NULL),
 (3562,'Mexikói Brujahk',14,406,406,NULL),
 (3563,'Erika Geiger',14,407,407,NULL),
 (3564,'Holland Brujahk',14,408,408,NULL),
 (3565,'Német Brujahk',14,413,409,NULL),
 (3566,'Orosz Brujahk',14,414,414,NULL),
 (3567,'Skandináv Brujahk',14,415,415,NULL),
 (3568,'Balti Brujahk',14,417,416,NULL),
 (3569,'Német Brujahk',14,418,418,NULL),
 (3570,'Cseh Brujahk',14,427,419,NULL),
 (3571,'Kathágói Brujahk',14,428,428,NULL),
 (3572,'Isaac',14,429,429,NULL),
 (3573,'Jacques Sirque',14,431,430,NULL),
 (3574,'Bizánci Brujahk',14,433,432,NULL),
 (3575,'Katherina, a Bölcs',14,439,434,NULL),
 (3576,'Orosz Brujahk',14,440,440,NULL),
 (3577,'Dimitrij Piszarev',14,441,441,NULL),
 (3578,'Carlak',14,442,442,NULL),
 (3579,'Orosz Brujahk',14,443,443,NULL),
 (3580,'Nikolaj Dobroljubov',14,444,444,NULL),
 (3581,'Igor Grabowsky',14,446,445,NULL),
 (3582,'Bizánci Brujahk',14,447,447,NULL),
 (3583,'Balkáni Brujahk',14,450,448,NULL),
 (3584,'Luigi Visconti',14,451,451,NULL),
 (3585,'Kánaánita Brujahk',14,452,452,NULL),
 (3586,'Arab Brujahk',14,0,453,NULL),
 (3587,'Arab Brujahk',14,453,454,NULL),
 (3588,'Arab Brujahk',14,455,455,NULL),
 (3589,'Fahd vezír',14,456,456,NULL),
 (3590,'Shayke Khaled',14,462,457,NULL),
 (3591,'Abu Fatim Kateb',14,463,463,NULL),
 (3592,'Mehtar',14,467,464,NULL),
 (3593,'Mohninda Vajpayee Cheram',14,471,468,NULL),
 (3594,'Sharbel',14,472,472,NULL),
 (3595,'Lydia Dorn',14,481,473,NULL),
 (3596,'Evan Rogers',14,482,482,NULL),
 (3597,'Khaled Johnson',14,485,483,NULL),
 (3598,'Reza Fatir',14,486,486,NULL),
 (3599,'Janni',14,487,487,NULL),
 (3600,'Amaris bat Ariela',14,488,488,NULL),
 (3601,'Zen Benzion',14,490,489,NULL),
 (3602,'Kasim Bayar',14,491,491,NULL),
 (3603,'Badr-al-Budur',14,512,492,NULL),
 (3604,'Spanyol Lasombrák',14,516,513,NULL),
 (3605,'Mohammed al-Muthlim',14,520,517,NULL),
 (3606,'Holland Lasombrák',14,543,521,NULL),
 (3607,'Karibi Lasombrák',14,560,544,NULL),
 (3608,'Pacifico Grillati',14,564,561,NULL),
 (3609,'Olasz Lasombrák',14,0,565,NULL),
 (3610,'Olasz Lasombrák',14,565,566,NULL),
 (3611,'Olasz Lasombrák',14,568,567,NULL),
 (3612,'De Luc',14,569,569,NULL),
 (3613,'Agnes',14,570,570,NULL),
 (3614,'Amerikai Lasombrák',14,573,571,NULL),
 (3615,'Magnus',14,575,574,NULL),
 (3616,'Olasz Lasombrák',14,576,576,NULL),
 (3617,'Bizánci Lasombrák',14,577,577,NULL),
 (3618,'Olasz Lasombrák',14,578,578,NULL),
 (3619,'Catherine Esposito',14,579,579,NULL),
 (3620,'Olasz Lasombrák',14,582,580,NULL),
 (3621,'Nettie Halle',14,583,583,NULL),
 (3622,'Vörös Macska',14,585,584,NULL),
 (3623,'Arab Gangrelek',14,0,586,NULL),
 (3624,'Arab Gangrelek',14,587,587,NULL),
 (3625,'Marpessa',14,595,588,NULL),
 (3626,'Kataryzna',14,605,596,NULL),
 (3627,'Karner Miklós',14,613,606,NULL),
 (3628,'Kürthy Ottó',14,614,614,NULL),
 (3629,'Zárvadvölgyi Flóra',14,626,615,NULL),
 (3630,'Kostebra',14,627,627,NULL),
 (3631,'Lars Thorwald',14,628,628,NULL),
 (3632,'Harnuth',14,632,629,NULL),
 (3633,'Jebediah Roney',14,634,633,NULL),
 (3634,'Gerhard Grimm',14,636,635,NULL),
 (3635,'Amerikai Gangrelek',14,639,637,NULL),
 (3636,'Philippe Rigaud',14,641,640,NULL),
 (3637,'Simon Lollen',14,642,642,NULL),
 (3638,'Agyar',14,656,643,NULL),
 (3639,'Jackie Goodman',14,667,657,NULL),
 (3640,'Alex Camille',14,668,668,NULL),
 (3641,'Spider',14,669,669,NULL),
 (3642,'Amerikai Gangrelek',14,685,670,NULL),
 (3643,'Natalie',14,686,686,NULL),
 (3644,'Horrock',14,696,687,NULL),
 (3645,'Római Gangrelek',14,697,697,NULL),
 (3646,'Mark Decker',14,703,698,NULL),
 (3647,'Vrana',14,707,704,NULL),
 (3648,'Andák',14,720,708,NULL),
 (3649,'Elucid',14,723,721,NULL),
 (3650,'Indigo',14,725,724,NULL),
 (3651,'Dalmáciai Zvar',14,731,726,NULL),
 (3652,'Alonzo Guillen',14,734,732,NULL),
 (3653,'Lopez',14,743,735,NULL),
 (3654,'Herman',14,744,744,NULL),
 (3655,'Gerard Rafin',14,746,745,NULL),
 (3656,'Kanadai Nosferatuk',14,747,747,NULL),
 (3657,'Holland Nosferatuk',14,748,748,NULL),
 (3658,'Amos',14,760,749,NULL),
 (3659,'Keresztes Nosferatuk',14,761,761,NULL),
 (3660,'Kánanáita Nosferatuk',14,763,762,NULL),
 (3661,'Hut',14,764,764,NULL),
 (3662,'Thackery',14,767,765,NULL),
 (3663,'Perzsa Nosferatuk',14,769,768,NULL),
 (3664,'Geoffrey Alan Montrose',14,771,770,NULL),
 (3665,'Torzpofa',14,774,772,NULL),
 (3666,'Prudence Stone',14,777,775,NULL),
 (3667,'Ausztrál Nosferatuk',14,779,778,NULL),
 (3668,'Raid',14,780,780,NULL),
 (3669,'Remete',14,790,781,NULL),
 (3670,'Melmoth',14,792,791,NULL),
 (3671,'Raszputyin',14,800,793,NULL),
 (3672,'Terestyén',14,801,801,NULL),
 (3673,'Magyar Nosferatuk',14,802,802,NULL),
 (3674,'Erdélyi Nosferatuk',14,803,803,NULL),
 (3675,'Ruxandra',14,804,804,NULL),
 (3676,'Botond, az ?rült',14,809,805,NULL),
 (3677,'Constantine',14,810,810,NULL),
 (3678,'Emmet',14,811,811,NULL),
 (3679,'Calebros',14,817,812,NULL),
 (3680,'Avery',14,818,818,NULL),
 (3681,'Roger',14,819,819,NULL),
 (3682,'Martin',14,820,820,NULL),
 (3683,'Joseph Cambridge',14,831,821,NULL),
 (3684,'Empedocles',14,836,832,NULL),
 (3685,'Tamoszius Kuszleika',14,837,837,NULL),
 (3686,'Ewa',14,840,838,NULL),
 (3687,'Janka Djaglieva',14,841,841,NULL),
 (3688,'Alexander Baslacsev',14,846,842,NULL),
 (3689,'Bánrévy Ferenc',14,847,847,NULL),
 (3690,'Koroknay Anna',14,848,848,NULL),
 (3691,'Noël d''Artois',14,850,849,NULL),
 (3692,'L''Epuisette',14,851,851,NULL),
 (3693,'Virgil',14,852,852,NULL),
 (3694,'Maria da Vilardino',14,873,853,NULL),
 (3695,'Francia Toreadorok',14,874,874,NULL),
 (3696,'Genevi?ve Orseau',14,876,875,NULL),
 (3697,'Leopold',14,877,877,NULL),
 (3698,'Annabelle Delacroix',14,878,878,NULL),
 (3699,'Morgaine',14,879,879,NULL),
 (3700,'Anntoinette Larusche',14,882,880,NULL),
 (3701,'Carson Longbaugh',14,883,883,NULL),
 (3702,'Yithzak',14,884,884,NULL),
 (3703,'Marguerite Defallier',14,886,885,NULL),
 (3704,'Tristan',14,888,887,NULL),
 (3705,'Ferdinand Joseph von Anbeller',14,889,889,NULL),
 (3706,'Allicia',14,890,890,NULL),
 (3707,'Yven MacPhee',14,892,891,NULL),
 (3708,'Michael Payne',14,893,893,NULL),
 (3709,'Teri',14,894,894,NULL),
 (3710,'Montague Lytton',14,897,895,NULL),
 (3711,'Francia Toreadorok',14,898,898,NULL),
 (3712,'Ransam',14,902,899,NULL),
 (3713,'Paolo Mascotti',14,906,903,NULL),
 (3714,'Cantara',14,907,907,NULL),
 (3715,'Bagoly',14,913,908,NULL),
 (3716,'Loius Detonas',14,915,914,NULL),
 (3717,'Gwendolyn Fleming',14,930,916,NULL),
 (3718,'Leslie Wilkes',14,931,931,NULL),
 (3719,'Guggenheim',14,932,932,NULL),
 (3720,'Anne Hyatt',14,933,933,NULL),
 (3721,'Timothy Sizemore',14,934,934,NULL),
 (3722,'Marie Richauld',14,935,935,NULL),
 (3723,'Amerikai Toreadorok',14,0,936,NULL),
 (3724,'Amerikai Toreadorok',14,952,938,NULL),
 (3725,'Vivienne d''Alembert',14,953,953,NULL),
 (3726,'Guss McCray',14,957,954,NULL),
 (3727,'Dominique Santo Paolo',14,971,958,NULL),
 (3728,'Christianne Foy',14,986,972,NULL),
 (3729,'Pieter Blum',14,987,987,NULL),
 (3730,'Mara',14,988,988,NULL),
 (3731,'Mircea',14,989,989,NULL),
 (3732,'Arthur Black',14,990,990,NULL),
 (3733,'Andrássy Katinka',14,992,991,NULL),
 (3734,'Anastaz di Zagreb',14,993,993,NULL),
 (3735,'Globitz Arnold',14,995,994,NULL),
 (3736,'Roger Greythwaite',14,996,996,NULL),
 (3737,'Baradlay Gábor',14,998,997,NULL),
 (3738,'Annabelle',14,1000,999,NULL),
 (3739,'Constantin Addams',14,1001,1001,NULL),
 (3740,'Nigel Porter',14,1002,1002,NULL),
 (3741,'Marie d''Richet',14,1006,1003,NULL),
 (3742,'Hannigan',14,1007,1007,NULL),
 (3743,'Selena',14,1010,1008,NULL),
 (3744,'Nicolai',14,1011,1011,NULL),
 (3745,'Joseph Fitzwalter',14,1012,1012,NULL),
 (3746,'Maurcroix',14,1016,1013,NULL),
 (3747,'Theresa Kymena',14,1018,1017,NULL),
 (3748,'Montelaine',14,1022,1019,NULL),
 (3749,'Morens',14,1023,1023,NULL),
 (3750,'Gabriel',14,1024,1024,NULL),
 (3751,'Julie Foster',14,1025,1025,NULL),
 (3752,'Vojta Arminov',14,1026,1026,NULL),
 (3753,'Adam Lumley',14,1028,1027,NULL),
 (3754,'Eszterházy Pál',14,1029,1029,NULL),
 (3755,'Garwood Marshall',14,1030,1030,NULL),
 (3756,'Elliot',14,1031,1031,NULL),
 (3757,'Maldavis',14,1032,1032,NULL),
 (3758,'Gregory Roiters',14,1033,1033,NULL),
 (3759,'Ephraim Wainwright',14,1034,1034,NULL),
 (3760,'Tak Pao',14,1036,1035,NULL),
 (3761,'Mehmed',14,1037,1037,NULL),
 (3762,'O''Meara',14,1039,1038,NULL),
 (3763,'Helena Taylor',14,1042,1040,NULL),
 (3764,'Honerius',14,0,1043,NULL),
 (3765,'9. genreráció',15,0,916,3717),
 (3766,'Deutsch Antónia',16,49,37,NULL),
 (3767,'Siskovits András',16,50,50,NULL),
 (3768,'Nádasi Tersztyánszky Tivadar',16,51,51,NULL),
 (3769,'Hunyadi Karolin',16,52,52,NULL),
 (3770,'gróf Zichy István',16,53,53,NULL),
 (3771,'Anton von Hohenzollern-Hechingen',16,73,54,NULL),
 (3772,'Lengyel Ventruek',16,74,74,NULL),
 (3773,'Moszkvai Seinia',16,115,75,NULL),
 (3774,'báró Pálffy Balázs',16,116,116,NULL),
 (3775,'Dr. Robert Kenton',16,128,117,NULL),
 (3776,'gróf Perényi János',16,132,129,NULL),
 (3777,'vitéz Csabay Károly',16,156,133,NULL),
 (3778,'Amerikai Ventruek',16,158,157,NULL),
 (3779,'"Énekes" vérvonal / Sabbatista Salubrik',16,159,159,NULL),
 (3780,'Thomas',16,161,160,NULL),
 (3781,'Indiai Salubrik',16,201,162,NULL),
 (3782,'Serena',16,202,202,NULL),
 (3783,' Mercurio',16,212,203,NULL),
 (3784,'Amerikai Samedik',16,215,213,NULL),
 (3785,'Arab Kappadókok',16,221,216,NULL),
 (3786,'Rosario Giovanni',16,222,222,NULL),
 (3787,'Német Königek',16,223,223,NULL),
 (3788,'Jason Milliner',16,232,224,NULL),
 (3789,'Shlomo Rothstein',16,233,233,NULL),
 (3790,'Olasz Putanescák',16,234,234,NULL),
 (3791,'Távol-Keleti
Li Wengek',16,235,235,NULL),
 (3792,'Andreas Niccolo Giovanni',16,237,236,NULL),
 (3793,'Amerikai Giovannik',16,252,238,NULL),
 (3794,'Faye Sharpless',16,253,253,NULL),
 (3795,'Amerikai Malkaviták',16,0,254,NULL),
 (3796,'Amerikai Malkaviták',16,281,266,NULL),
 (3797,'Anatole, a Szent',16,293,282,NULL),
 (3798,'Ráday-Pötzl Letícia',16,333,294,NULL),
 (3799,'Német Malkaviták',16,334,334,NULL),
 (3800,'Alexander Rosenbaum',16,355,335,NULL),
 (3801,'Mama Lion',16,357,356,NULL),
 (3802,'Wrecker',16,362,358,NULL),
 (3803,'Marc Levesque',16,363,363,NULL),
 (3804,'Jimmy Holcomb-Neon',16,368,364,NULL),
 (3805,'Amerikai Brujahk',16,374,369,NULL),
 (3806,'Magyar Brujahk',16,375,375,NULL),
 (3807,'gróf Petr?czy István',16,376,376,NULL),
 (3808,'báró Almássy Béla',16,377,377,NULL),
 (3809,'báró Almássy Tivadar',16,382,378,NULL),
 (3810,'Magyar Brujahk',16,383,383,NULL),
 (3811,'Joshua Tarnopolski "Blackjack"',16,385,384,NULL),
 (3812,'Louise',16,386,386,NULL),
 (3813,'Marguerite Foccart',16,392,387,NULL),
 (3814,'Dutch',16,393,393,NULL),
 (3815,'Amerikai Brujahk',16,394,394,NULL),
 (3816,'Lord Alfred',16,395,395,NULL),
 (3817,'Sir Ralph Hamilton',16,401,396,NULL),
 (3818,'Theo Bell',16,402,402,NULL),
 (3819,'Latin-Amerikai Brujahk',16,406,403,NULL),
 (3820,'Német Brujahk',16,428,407,NULL),
 (3821,'Thelonious',16,429,429,NULL),
 (3822,'Amerikai Brujahk',16,433,430,NULL),
 (3823,'Cseh Brujahk',16,434,434,NULL),
 (3824,'Lengyel Brujahk',16,435,435,NULL),
 (3825,'Cosmas',16,436,436,NULL),
 (3826,'Christof Romuald',16,437,437,NULL),
 (3827,'Matek Kloshwit',16,438,438,NULL),
 (3828,'Amerikai Brujahk',16,440,439,NULL),
 (3829,'Orosz Brujahk',16,441,441,NULL),
 (3830,'Cseh Brujahk',16,443,442,NULL),
 (3831,'Orosz Brujahk',16,450,444,NULL),
 (3832,'Andrea Visconti',16,455,451,NULL),
 (3833,'Perzsa Brujahk',16,456,456,NULL),
 (3834,'Arab Brujahk',16,463,457,NULL),
 (3835,'Ayub',16,471,464,NULL),
 (3836,'Myrsus',16,472,472,NULL),
 (3837,'Lydia Lezczenska',16,473,473,NULL),
 (3838,'Gerhardt von Eich',16,481,474,NULL),
 (3839,'Jessica Tate-Duncan',16,516,482,NULL),
 (3840,'Henry Taylor',16,517,517,NULL),
 (3841,'Francesca',16,560,518,NULL),
 (3842,'Masera',16,573,561,NULL),
 (3843,'Sarah, a Tiszta',16,574,574,NULL),
 (3844,'Peter, a Szerény',16,578,575,NULL),
 (3845,'Julius Sutphen',16,583,579,NULL),
 (3846,'Juanita Santiago',16,587,584,NULL),
 (3847,'Kossos',16,595,588,NULL),
 (3848,'Mieszko Wisniewski',16,613,596,NULL),
 (3849,'Halassy László',16,626,614,NULL),
 (3850,'Hosszúfogú Eirik',16,627,627,NULL),
 (3851,'Ma''ia',16,628,628,NULL),
 (3852,'Tiberiu',16,632,629,NULL),
 (3853,'Nicholas',16,634,633,NULL),
 (3854,'Német Gangrelek',16,635,635,NULL),
 (3855,'Csontváry Ern?',16,642,636,NULL),
 (3856,'Szonja',16,656,643,NULL),
 (3857,'Amerikai Gangrelek',16,0,657,NULL),
 (3858,'Amerikai Gangrelek',16,686,669,NULL),
 (3859,'Tanner',16,697,687,NULL),
 (3860,'Derek Hillen',16,703,698,NULL),
 (3861,'René Lierre',16,723,704,NULL),
 (3862,'Frank Litzpar',16,725,724,NULL),
 (3863,'Balkáni Nosferatuk',16,726,726,NULL),
 (3864,'Lyon-i Jean',16,734,727,NULL),
 (3865,'Cicatriz',16,735,735,NULL),
 (3866,'Quetzal',16,748,736,NULL),
 (3867,'George Lawrence',16,774,749,NULL),
 (3868,'Amerikai Nosferatuk',16,779,775,NULL),
 (3869,'Nahd',16,780,780,NULL),
 (3870,'Corvin',16,792,781,NULL),
 (3871,'Amelia',16,800,793,NULL),
 (3872,'Felix Schneider',16,804,801,NULL),
 (3873,'dr. Hamvasi Leó',16,820,805,NULL),
 (3874,'Jeremy Wix',16,836,821,NULL),
 (3875,'Kathy Glens',16,837,837,NULL),
 (3876,'Andrzej Dunajski',16,851,838,NULL),
 (3877,'Corinda',16,874,852,NULL),
 (3878,'Maxime',16,875,875,NULL),
 (3879,'Trevor',16,877,876,NULL),
 (3880,'Eszékhy Ben?',16,878,878,NULL),
 (3881,'Hortense Holden',16,879,879,NULL),
 (3882,'Német Toreadorok',16,880,880,NULL),
 (3883,'Johann Orheim',16,881,881,NULL),
 (3884,'Hans Vroenik',16,882,882,NULL),
 (3885,'Alice Babylon',16,883,883,NULL),
 (3886,'Sabrina',16,884,884,NULL),
 (3887,'Pablo',16,885,885,NULL),
 (3888,'Abraham Garcia',16,886,886,NULL),
 (3889,'Katherine',16,888,887,NULL),
 (3890,'Festetics Attila',16,889,889,NULL),
 (3891,'Marie',16,890,890,NULL),
 (3892,'Edward Blout',16,894,891,NULL),
 (3893,'Miranda',16,895,895,NULL),
 (3894,'Ausztrál Toreadorok',16,898,896,NULL),
 (3895,'Lin Jun',16,902,899,NULL),
 (3896,'Marija',16,906,903,NULL),
 (3897,'Aighar akhu Quzman',16,907,907,NULL),
 (3898,'Enver Frasheri',16,932,908,NULL),
 (3899,'Chas Voyager',16,933,933,NULL),
 (3900,'Bánky Ármin',16,952,934,NULL),
 (3901,'Alessandro Aiello',16,957,953,NULL),
 (3902,'Mercy',16,971,958,NULL),
 (3903,'Shlomo Baruch',16,987,972,NULL),
 (3904,'Waclaw',16,988,988,NULL),
 (3905,'Denelem',16,989,989,NULL),
 (3906,'Grigor Wallach',16,995,990,NULL),
 (3907,'Jean-Michael du Pont-Ville',16,998,996,NULL),
 (3908,'Valois Sang',16,1001,999,NULL),
 (3909,'Sebastian Walcott',16,1007,1002,NULL),
 (3910,'Alejandro Aguirre',16,1010,1008,NULL),
 (3911,'Leopold',16,1011,1011,NULL),
 (3912,'Bessenczy-Thewrewk Aurél',16,1012,1012,NULL),
 (3913,'Mariane Dupuis',16,1025,1013,NULL),
 (3914,'David Barkley',16,1028,1026,NULL),
 (3915,'Brennberg Rudolf',16,1031,1029,NULL),
 (3916,'Uriah',16,1033,1032,NULL),
 (3917,'Kevin Grumman',16,1034,1034,NULL),
 (3918,'Aleksandra',16,1037,1035,NULL),
 (3919,'Frank Weisshandel',16,1039,1038,NULL),
 (3920,'Cohn Rose',16,1040,1040,NULL),
 (3921,'Pieter van Dorn',16,0,1041,3765),
 (3922,'Hatvany Alexander',18,49,37,NULL),
 (3923,'Ciprián pap',18,53,50,NULL),
 (3924,'Engelhard Alíz',18,74,54,NULL),
 (3925,'Orosz Ventruek',18,159,75,NULL),
 (3926,'Kervos',18,201,160,NULL),
 (3927,'Cseh Kappadókok',18,221,202,NULL),
 (3928,'Salvatore Giovanni',18,223,222,NULL),
 (3929,'Francis Milliner',18,232,224,NULL),
 (3930,'Amerikai Rothsteinek',18,355,233,NULL),
 (3931,'Vigyorgó Jack',18,356,356,NULL),
 (3932,'Karibi Brujahk',18,357,357,NULL),
 (3933,'Amerikai Brujahk',18,375,358,NULL),
 (3934,'gróf Zichy János Imre',18,377,376,NULL),
 (3935,'Fodor Mária',18,378,378,NULL),
 (3936,'Müller Eik',18,379,379,NULL),
 (3937,'Bajnok András',18,380,380,NULL),
 (3938,'Fazakas Tibor',18,383,381,NULL),
 (3939,'Neil Graham-Karl',18,384,384,NULL),
 (3940,'Big John',18,385,385,NULL),
 (3941,'Dezi',18,386,386,NULL),
 (3942,'Crispus Attucks',18,387,387,NULL),
 (3943,'Steve Booth',18,394,388,NULL),
 (3944,'Galtre grófja',18,395,395,NULL),
 (3945,'Gregory Habersohn',18,428,396,NULL),
 (3946,'Amerikai Brujahk',18,463,429,NULL),
 (3947,'Enam al-Dimshaq',18,472,464,NULL),
 (3948,'Kazimiera Zuyus',18,560,473,NULL),
 (3949,'Keresztes Lasombrák',18,561,561,NULL),
 (3950,'Brenda, a Holló / Ashirra',18,573,562,NULL),
 (3951,'Bizánci Lasombrák',18,0,574,NULL),
 (3952,'Bizánci Lasombrák',18,595,575,NULL),
 (3953,'Csontos Árpád',18,686,596,NULL),
 (3954,'Ramona',18,726,687,NULL),
 (3955,'Keresztes Nosferatuk',18,727,727,NULL),
 (3956,'Rannulf',18,735,728,NULL),
 (3957,'Tock',18,748,736,NULL),
 (3958,'Gleen Courier',18,792,749,NULL),
 (3959,'Wolfgang',18,880,793,NULL),
 (3960,'Thomas de Lutrius',18,884,881,NULL),
 (3961,'Scheherezade',18,890,885,NULL),
 (3962,'Edith Blout',18,891,891,NULL),
 (3963,'Enid Blouth',18,898,892,NULL),
 (3964,'Jáde',18,899,899,NULL),
 (3965,'Hong Kong-i Toreadorok',18,902,900,NULL),
 (3966,'Festetics Natasa',18,932,903,NULL),
 (3967,'Rachel Evans',18,952,933,NULL),
 (3968,'Silvana Gardini',18,971,953,NULL),
 (3969,'Paul Levesque',18,1025,972,NULL),
 (3970,'Meredith Clark',18,1033,1026,NULL),
 (3971,'Aisling Sturbridge',18,1034,1034,NULL),
 (3972,'Franklin Reece',18,1035,1035,NULL),
 (3973,'Beatrix Bijou',18,0,1036,NULL),
 (3974,'Amerikai Millinerek',20,380,224,NULL),
 (3975,'Jámbor Ádám',20,381,381,NULL),
 (3976,'Szepesi Dániel',20,384,382,NULL),
 (3977,'Borovszky Eduárd',20,561,385,NULL),
 (3978,'Arab Lasombrák',20,562,562,NULL),
 (3979,'Keresztes Lasombrák',20,748,563,NULL),
 (3980,'Karl Rottenbau',20,971,749,NULL),
 (3981,'Jacques Gauthier',20,1025,972,NULL),
 (3982,'Jekatyerina Alekszandrovna Scerbackaja',20,0,1026,NULL),
 (3983,'Hermész',22,0,749,NULL),
 (3984,' ',23,0,21,NULL);
CREATE TABLE "domainmanager_salutation" ("id" integer NOT NULL PRIMARY KEY AUTOINCREMENT, "name" varchar(100) NOT NULL);
INSERT INTO `domainmanager_salutation` (id,name) VALUES (1,'Count'),
 (2,'Prof.'),
 (3,'Count'),
 (4,'Baron'),
 (5,'Mr.'),
 (6,'Ms.'),
 (7,'Dr.');
CREATE TABLE "domainmanager_rank" ("id" integer NOT NULL PRIMARY KEY AUTOINCREMENT, "name" varchar(100) NOT NULL);
INSERT INTO `domainmanager_rank` (id,name) VALUES (1,'Neonate'),
 (2,'Ancilla'),
 (3,'Elder'),
 (4,'Fledgling');
CREATE TABLE "domainmanager_propertytype" ("id" integer NOT NULL PRIMARY KEY AUTOINCREMENT, "name" varchar(100) NOT NULL);
INSERT INTO `domainmanager_propertytype` (id,name) VALUES (1,'Ability'),
 (2,'Attribute'),
 (3,'Background'),
 (4,'Secondary Abilitiy'),
 (5,'Discipline'),
 (6,'Flaw'),
 (7,'Merit');
CREATE TABLE "domainmanager_property" ("id" integer NOT NULL PRIMARY KEY AUTOINCREMENT, "name" varchar(100) NOT NULL, "type_id" integer NOT NULL REFERENCES "domainmanager_propertytype" ("id"));
INSERT INTO `domainmanager_property` (id,name,type_id) VALUES (1,'Brawl',1),
 (2,'Agility',2),
 (3,'Stamina',2),
 (4,'Dodge',1),
 (5,'Strength',2),
 (6,'Charisma',2),
 (7,'Intelligence',2),
 (8,'Perception',2),
 (9,'Manipulation',1),
 (10,'Empathy',1),
 (11,'Survival',1),
 (12,'Melee',1),
 (13,'Firearms',1),
 (14,'Stealth',1),
 (15,'Meditation',1),
 (16,'Electronics',1),
 (17,'Occult',1),
 (18,'Cainite Lore',1),
 (19,'Linguistics',1),
 (20,'Academics',1),
 (21,'Science',1),
 (22,'Generation',3),
 (23,'Resources',3),
 (24,'Herd',3),
 (25,'Retainers',3),
 (26,'Mentor',3),
 (27,'Library',3),
 (28,'Haven',3);
CREATE TABLE "domainmanager_politicalfuntion" ("id" integer NOT NULL PRIMARY KEY AUTOINCREMENT, "name" varchar(100) NOT NULL);
INSERT INTO `domainmanager_politicalfuntion` (id,name) VALUES (1,'Archont'),
 (2,'Primogen'),
 (3,'Prince'),
 (4,'Seneshall'),
 (5,'Justicar'),
 (6,'none');
CREATE TABLE "domainmanager_person" ("id" integer NOT NULL PRIMARY KEY AUTOINCREMENT, "firstname" varchar(200) NOT NULL, "lastname" varchar(200) NOT NULL, "email" varchar(254) NOT NULL, "image" varchar(100) NOT NULL, "date_of_birth" date NOT NULL, "description" text NOT NULL, "country_id" integer NOT NULL REFERENCES "domainmanager_country" ("id"), "salutation_id" integer NOT NULL REFERENCES "domainmanager_salutation" ("id"), "active" bool NOT NULL);
INSERT INTO `domainmanager_person` (id,firstname,lastname,email,image,date_of_birth,description,country_id,salutation_id,active) VALUES (5,'Ronja','Schmidt','chaosmaunzi@gmail.com','','1992-09-08','',1,6,1),
 (7,'David','Hampel','david.hampel@gmail.com','','1982-06-12','A very nice guy!',1,5,1);
CREATE TABLE "domainmanager_gender" ("id" integer NOT NULL PRIMARY KEY AUTOINCREMENT, "gender" varchar(1) NOT NULL);
INSERT INTO `domainmanager_gender` (id,gender) VALUES (1,'m'),
 (2,'f');
CREATE TABLE "domainmanager_domain" ("id" integer NOT NULL PRIMARY KEY AUTOINCREMENT, "name" varchar(200) NOT NULL, "street" varchar(200) NOT NULL, "postcode" varchar(10) NOT NULL, "country_id" integer NOT NULL REFERENCES "domainmanager_country" ("id"), "gm_id" integer NOT NULL REFERENCES "domainmanager_person" ("id"), "substitute_id" integer NOT NULL REFERENCES "domainmanager_person" ("id"));
CREATE TABLE "domainmanager_discipline" ("id" integer NOT NULL PRIMARY KEY AUTOINCREMENT, "name" varchar(100) NOT NULL, "clan_id" integer NOT NULL REFERENCES "domainmanager_clan" ("id"));
INSERT INTO `domainmanager_discipline` (id,name,clan_id) VALUES (1,'Protean',1),
 (2,'Fortitude',1),
 (3,'Animalism',1);
CREATE TABLE "domainmanager_country" ("id" integer NOT NULL PRIMARY KEY AUTOINCREMENT, "name" varchar(200) NOT NULL, "code" varchar(3) NOT NULL);
INSERT INTO `domainmanager_country` (id,name,code) VALUES (1,'Austria','AT'),
 (2,'Hungary','HU'),
 (3,'Czech Republic','CZE'),
 (4,'Croatia','HR');
CREATE TABLE "domainmanager_clan" ("id" integer NOT NULL PRIMARY KEY AUTOINCREMENT, "name" varchar(100) NOT NULL);
INSERT INTO `domainmanager_clan` (id,name) VALUES (1,'Gangrel'),
 (2,'Brujah'),
 (3,'Assamite'),
 (4,'Ventrue'),
 (5,'Malkavian'),
 (6,'Toreador');
CREATE TABLE "domainmanager_characterproperty" ("id" integer NOT NULL PRIMARY KEY AUTOINCREMENT, "value" integer NOT NULL, "property_id" integer NOT NULL REFERENCES "domainmanager_property" ("id"), "character_id" integer NOT NULL REFERENCES "domainmanager_character" ("id"));
INSERT INTO `domainmanager_characterproperty` (id,value,property_id,character_id) VALUES (1,1,1,1),
 (2,1,2,1),
 (3,1,3,1),
 (4,1,4,1),
 (5,1,5,1),
 (6,1,6,1),
 (7,1,7,1),
 (8,1,8,1),
 (9,1,9,1),
 (10,1,10,1),
 (11,1,11,1),
 (12,1,12,1),
 (13,1,13,1),
 (14,1,14,1),
 (15,1,15,1),
 (16,1,16,1),
 (17,1,17,1),
 (18,1,18,1),
 (19,1,19,1),
 (20,1,20,1),
 (21,1,21,1),
 (22,1,22,1),
 (23,1,23,1),
 (24,1,24,1),
 (25,1,25,1),
 (26,1,26,1),
 (27,1,27,1),
 (28,1,28,1),
 (29,1,1,2),
 (30,1,2,2),
 (31,1,3,2),
 (32,1,4,2),
 (33,1,5,2),
 (34,1,6,2),
 (35,1,7,2),
 (36,1,8,2),
 (37,1,9,2),
 (38,1,10,2),
 (39,1,11,2),
 (40,1,12,2),
 (41,1,13,2),
 (42,1,14,2),
 (43,1,15,2),
 (44,1,16,2),
 (45,1,17,2),
 (46,1,18,2),
 (47,1,19,2),
 (48,1,20,2),
 (49,1,21,2),
 (50,1,22,2),
 (51,1,23,2),
 (52,1,24,2),
 (53,1,25,2),
 (54,1,26,2),
 (55,1,27,2),
 (56,1,28,2);
CREATE TABLE "domainmanager_characterdiscipline" ("id" integer NOT NULL PRIMARY KEY AUTOINCREMENT, "character_id" integer NOT NULL REFERENCES "domainmanager_character" ("id"), "discipline_id" integer NOT NULL REFERENCES "domainmanager_discipline" ("id"), "level" integer NOT NULL);
INSERT INTO `domainmanager_characterdiscipline` (id,character_id,discipline_id,level) VALUES (1,1,1,5),
 (2,1,2,2),
 (3,2,1,1);
CREATE TABLE "domainmanager_character" ("id" integer NOT NULL PRIMARY KEY AUTOINCREMENT, "firstname" varchar(200) NOT NULL, "lastname" varchar(200) NOT NULL, "generation" integer NOT NULL, "date_of_birth" date NOT NULL, "date_of_death" date NOT NULL, "clan_rank" integer NOT NULL, "willpower" integer NOT NULL, "humanity" integer NOT NULL, "frenzy" integer NOT NULL, "bloodpool" integer NOT NULL, "age_category_id" integer NOT NULL REFERENCES "domainmanager_agecategory" ("id"), "bloodline_id" integer NOT NULL REFERENCES "domainmanager_bloodline" ("id"), "clan_id" integer NOT NULL REFERENCES "domainmanager_clan" ("id"), "function_id" integer NOT NULL REFERENCES "domainmanager_politicalfuntion" ("id"), "gender_id" integer NOT NULL REFERENCES "domainmanager_gender" ("id"), "rank_id" integer NOT NULL REFERENCES "domainmanager_rank" ("id"), "salutation_id" integer NOT NULL REFERENCES "domainmanager_salutation" ("id"), "active" bool NOT NULL, "player_id" integer NOT NULL REFERENCES "domainmanager_person" ("id"), "sire_id" integer NULL REFERENCES "domainmanager_character" ("id"));
INSERT INTO `domainmanager_character` (id,firstname,lastname,generation,date_of_birth,date_of_death,clan_rank,willpower,humanity,frenzy,bloodpool,age_category_id,bloodline_id,clan_id,function_id,gender_id,rank_id,salutation_id,active,player_id,sire_id) VALUES (1,'Heinrich','Morgenstern',9,'2016-05-13','2016-05-13',26,7,6,12,14,1,1,1,2,1,2,7,1,1,NULL),
 (2,'Miranda','Reilly',9,'2016-05-15','2016-05-15',18,4,5,9,12,3,2,1,6,2,1,6,1,2,NULL);
CREATE TABLE "domainmanager_booncategory" ("id" integer NOT NULL PRIMARY KEY AUTOINCREMENT, "name" varchar(200) NOT NULL, "weight" integer NOT NULL);
INSERT INTO `domainmanager_booncategory` (id,name,weight) VALUES (1,'Trivial boon',1),
 (2,'Minor boon',2),
 (3,'Major boon',3),
 (4,'Life boon',4);
CREATE TABLE "domainmanager_boon" ("id" integer NOT NULL PRIMARY KEY AUTOINCREMENT, "date" date NOT NULL, "description" text NOT NULL, "master_id" integer NOT NULL REFERENCES "domainmanager_person" ("id"), "slave_id" integer NOT NULL REFERENCES "domainmanager_person" ("id"), "category_id" integer NOT NULL REFERENCES "domainmanager_booncategory" ("id"));
INSERT INTO `domainmanager_boon` (id,date,description,master_id,slave_id,category_id) VALUES (1,'2016-05-09','Being awesome :)',1,2,1);
CREATE TABLE "domainmanager_bloodline" ("id" integer NOT NULL PRIMARY KEY AUTOINCREMENT, "name" varchar(100) NOT NULL, "parent_clan_id" integer NOT NULL REFERENCES "domainmanager_clan" ("id"));
INSERT INTO `domainmanager_bloodline` (id,name,parent_clan_id) VALUES (1,'City Gangrel',1),
 (2,'Country Gangrel',1);
CREATE TABLE "domainmanager_agecategory" ("id" integer NOT NULL PRIMARY KEY AUTOINCREMENT, "name" varchar(100) NOT NULL);
INSERT INTO `domainmanager_agecategory` (id,name) VALUES (1,'Ancilla 2'),
 (2,'Ancilla 1'),
 (3,'Neonate'),
 (4,'Elder');
CREATE INDEX "polls_choice_7aa0f6ee" ON "polls_choice" ("question_id");
CREATE INDEX "domainmanager_vampire_c6923410" ON "domainmanager_vampire" ("sire_id");
CREATE INDEX "domainmanager_property_94757cae" ON "domainmanager_property" ("type_id");
CREATE INDEX "domainmanager_person_93bfec8a" ON "domainmanager_person" ("country_id");
CREATE INDEX "domainmanager_person_8d7af6a4" ON "domainmanager_person" ("salutation_id");
CREATE INDEX "domainmanager_domain_f482e4c3" ON "domainmanager_domain" ("gm_id");
CREATE INDEX "domainmanager_domain_93bfec8a" ON "domainmanager_domain" ("country_id");
CREATE INDEX "domainmanager_domain_35ff2eea" ON "domainmanager_domain" ("substitute_id");
CREATE INDEX "domainmanager_discipline_0f378d91" ON "domainmanager_discipline" ("clan_id");
CREATE INDEX "domainmanager_characterproperty_bf21153f" ON "domainmanager_characterproperty" ("character_id");
CREATE INDEX "domainmanager_characterproperty_6bb837ff" ON "domainmanager_characterproperty" ("property_id");
CREATE INDEX "domainmanager_characterdiscipline_bf21153f" ON "domainmanager_characterdiscipline" ("character_id");
CREATE INDEX "domainmanager_characterdiscipline_2a73e9e7" ON "domainmanager_characterdiscipline" ("discipline_id");
CREATE INDEX "domainmanager_character_ed84088f" ON "domainmanager_character" ("rank_id");
CREATE INDEX "domainmanager_character_d60961ca" ON "domainmanager_character" ("function_id");
CREATE INDEX "domainmanager_character_c6923410" ON "domainmanager_character" ("sire_id");
CREATE INDEX "domainmanager_character_afe72417" ON "domainmanager_character" ("player_id");
CREATE INDEX "domainmanager_character_8d7af6a4" ON "domainmanager_character" ("salutation_id");
CREATE INDEX "domainmanager_character_88b48b82" ON "domainmanager_character" ("age_category_id");
CREATE INDEX "domainmanager_character_623af7fd" ON "domainmanager_character" ("gender_id");
CREATE INDEX "domainmanager_character_4b07674d" ON "domainmanager_character" ("bloodline_id");
CREATE INDEX "domainmanager_character_0f378d91" ON "domainmanager_character" ("clan_id");
CREATE INDEX "domainmanager_boon_b583a629" ON "domainmanager_boon" ("category_id");
CREATE INDEX "domainmanager_boon_90349b61" ON "domainmanager_boon" ("master_id");
CREATE INDEX "domainmanager_boon_05e2b4d0" ON "domainmanager_boon" ("slave_id");
CREATE INDEX "domainmanager_bloodline_fbfa2b82" ON "domainmanager_bloodline" ("parent_clan_id");
CREATE INDEX "django_session_de54fa62" ON "django_session" ("expire_date");
CREATE UNIQUE INDEX "django_content_type_app_label_76bd3d3b_uniq" ON "django_content_type" ("app_label", "model");
CREATE INDEX "django_admin_log_e8701ad4" ON "django_admin_log" ("user_id");
CREATE INDEX "django_admin_log_417f1b1c" ON "django_admin_log" ("content_type_id");
CREATE UNIQUE INDEX "auth_user_user_permissions_user_id_14a6b632_uniq" ON "auth_user_user_permissions" ("user_id", "permission_id");
CREATE INDEX "auth_user_user_permissions_e8701ad4" ON "auth_user_user_permissions" ("user_id");
CREATE INDEX "auth_user_user_permissions_8373b171" ON "auth_user_user_permissions" ("permission_id");
CREATE UNIQUE INDEX "auth_user_groups_user_id_94350c0c_uniq" ON "auth_user_groups" ("user_id", "group_id");
CREATE INDEX "auth_user_groups_e8701ad4" ON "auth_user_groups" ("user_id");
CREATE INDEX "auth_user_groups_0e939a4f" ON "auth_user_groups" ("group_id");
CREATE UNIQUE INDEX "auth_permission_content_type_id_01ab375a_uniq" ON "auth_permission" ("content_type_id", "codename");
CREATE INDEX "auth_permission_417f1b1c" ON "auth_permission" ("content_type_id");
CREATE UNIQUE INDEX "auth_group_permissions_group_id_0cd325b0_uniq" ON "auth_group_permissions" ("group_id", "permission_id");
CREATE INDEX "auth_group_permissions_8373b171" ON "auth_group_permissions" ("permission_id");
CREATE INDEX "auth_group_permissions_0e939a4f" ON "auth_group_permissions" ("group_id");
COMMIT;
